scenario_id,contracts,atr_len,sl_mult,tp_mult,cooldown,min_conf,round_intvl,conf_prox,sweep_depth_atr,use_lon50,block_reactive_long_bear_pool,sandbox,exec_style,flat_hr,flat_mn,net_profit,max_drawdown,trades,win_rate,profit_factor
1,2,10,4.0,3.0,6,0,50,2.5,0.25,True,False,none,close,14,0,831.3799999999906,3492.320000000009,39,0.6153846153846154,1.1010084074452058
2,2,20,5.0,2.5,12,0,500,1.0,0.18,False,True,vwap,limit_level,15,15,7890.7550000000065,1210.23,44,0.7954545454545454,2.5152470346053937
3,2,10,4.0,2.5,4,1,50,1.25,0.12,False,True,both,close,15,0,4926.569999999992,2933.980000000006,36,0.6944444444444444,1.8094018413979365
4,3,20,5.0,3.5,12,0,50,0.75,0.08,False,True,vwap,close,15,15,6708.690000000026,3704.505,43,0.6511627906976745,1.5292726799365726
5,3,20,4.0,3.0,8,1,100,2.5,0.12,True,True,vwap,close,15,15,5626.065000000001,4503.780000000009,33,0.696969696969697,1.6545741710296695
6,3,20,5.0,3.0,16,1,50,1.0,0.0,False,False,ema200,close,14,30,7566.930000000003,2810.505,41,0.6829268292682927,1.8574925335586165
7,3,10,4.5,4.0,16,1,100,1.25,0.08,True,False,both,limit_level,15,0,11810.670000000031,1510.3199999999913,24,0.7916666666666666,4.828728422076369
8,2,20,4.5,2.5,4,0,100,2.5,0.08,False,True,both,limit_level,16,15,9589.074999999999,893.635000000003,40,0.8,3.4441256947249936
9,3,20,3.0,5.0,16,0,250,2.5,0.12,True,False,both,close,15,0,1494.7199999999993,2381.1150000000043,24,0.5,1.213321459306482
10,3,20,3.5,4.5,4,2,250,2.5,0.25,True,True,ema200,close,16,30,3377.0624999999563,3684.3675000000176,25,0.48,1.3441277600341723
11,2,20,4.0,4.0,4,0,250,1.25,0.08,True,True,none,close,16,15,1071.6800000000226,2873.280000000006,39,0.5384615384615384,1.1018897056866142
12,2,20,3.5,3.0,16,1,100,1.25,0.25,False,True,vwap,limit_level,15,30,8142.169999999998,973.585,41,0.7073170731707317,2.598883436329755
13,3,14,5.0,4.0,4,0,100,0.75,0.12,True,True,vwap,close,14,30,1157.399999999955,5693.82,30,0.6333333333333333,1.1033051054281238
14,2,10,3.0,2.5,8,0,100,1.25,0.18,True,True,both,close,15,15,2492.289999999985,2651.7000000000176,27,0.7037037037037037,1.488747563410163
15,2,10,3.0,5.0,10,1,500,1.5,0.18,True,True,none,limit_level,16,15,5056.539999999992,2390.4200000000146,37,0.5675675675675675,1.5692135200790682
16,2,10,3.5,3.0,12,1,100,1.5,0.08,False,False,vwap,close,15,30,5578.770000000026,1577.0799999999945,46,0.6521739130434783,1.6311446941045145
17,2,10,5.0,2.5,4,0,100,1.5,0.18,False,True,both,close,14,15,5730.680000000004,1223.48,34,0.7647058823529411,2.1330291191496777
18,2,14,4.0,4.0,8,1,500,1.0,0.08,False,True,none,close,16,15,5881.5657142857235,3091.565714285696,64,0.578125,1.3983539088279446
19,2,10,5.0,4.0,12,2,100,0.75,0.25,True,True,none,close,16,0,-1949.119999999983,4730.099999999995,29,0.4827586206896552,0.8226331307101539
20,3,10,5.0,3.0,12,2,50,2.0,0.0,False,False,ema200,close,16,30,10238.130000000017,2304.659999999998,41,0.6097560975609756,1.9247058058467617
21,3,10,4.0,4.0,6,2,250,1.5,0.12,True,True,both,close,14,30,3024.779999999986,5312.340000000017,21,0.6666666666666666,1.4508648290911657
22,2,20,4.0,3.0,8,0,100,1.25,0.12,True,False,ema200,close,16,30,3375.3499999999995,2945.320000000009,30,0.6666666666666666,1.5858355317967239
23,3,20,3.0,3.0,8,0,50,2.5,0.25,True,False,ema200,close,16,15,3104.7749999999987,3467.505,30,0.6,1.3471615390937255
24,2,20,4.0,4.5,10,1,50,0.75,0.18,False,True,none,limit_level,14,30,17782.40500000001,2442.709999999992,74,0.6891891891891891,3.0038228625775236
25,3,10,4.5,4.5,16,1,50,0.75,0.0,True,True,ema200,close,15,0,2266.8600000000392,4096.6199999999735,27,0.5555555555555556,1.2474700168338093
26,2,14,4.0,2.5,8,0,100,2.5,0.0,False,False,vwap,close,14,0,857.8214285713757,2749.987142857145,50,0.64,1.0816667455487354
27,3,10,3.5,5.0,8,1,100,1.25,0.08,True,False,none,limit_level,14,0,12510.629999999996,1666.5900000000088,36,0.6944444444444444,2.661577263436381
28,3,14,4.0,3.0,6,0,100,1.5,0.12,False,True,ema200,limit_level,16,30,15326.36142857147,1621.0114285714349,43,0.7441860465116279,3.467931359071605
29,3,20,5.0,3.5,4,0,250,1.0,0.25,False,True,none,limit_level,15,30,18613.664999999964,3736.8899999999994,88,0.6818181818181818,1.8415557623238088
30,3,14,5.0,4.5,4,1,100,1.25,0.0,False,True,vwap,limit_level,15,0,15252.510000000015,2143.898571428565,42,0.7142857142857143,2.5229615536529817
31,3,20,4.0,5.0,4,2,250,2.0,0.12,False,False,both,limit_level,16,0,8928.84,4267.799999999983,28,0.5714285714285714,1.9607473498005088
32,2,14,4.5,5.0,16,0,250,1.5,0.25,True,False,ema200,close,15,30,1580.4085714285502,2388.582857142855,24,0.5833333333333334,1.2955447329965417
33,3,14,4.5,4.0,16,0,500,2.5,0.08,True,False,ema200,close,14,30,5082.910714285673,3178.3564285714347,25,0.72,1.8459351496971939
34,3,10,3.5,3.0,4,0,100,1.5,0.25,True,False,both,close,16,30,3647.6550000000198,4585.529999999987,26,0.6153846153846154,1.3718274325119872
35,3,14,4.5,3.0,6,2,50,0.75,0.18,True,True,both,close,16,0,4324.124999999999,5461.647857142848,25,0.64,1.474002977074833
36,2,14,3.5,4.0,16,2,250,1.5,0.25,False,False,vwap,limit_level,15,15,6972.628571428557,1859.44,35,0.6571428571428571,2.1756720169807178
37,2,20,4.0,4.5,10,2,100,1.25,0.18,True,False,vwap,limit_level,15,15,5450.68000000002,1563.3449999999884,29,0.7241379310344828,2.2306129268226678
38,2,10,3.5,3.0,10,2,100,2.5,0.08,True,False,both,limit_level,16,15,4582.910000000005,2199.4499999999884,28,0.6785714285714286,1.9561932620747113
39,3,10,3.5,4.0,10,2,50,2.0,0.18,False,True,ema200,limit_level,15,15,12757.410000000047,2418.360000000005,37,0.6756756756756757,2.685929279673958
40,2,14,3.5,3.5,10,1,50,1.5,0.12,False,True,both,close,16,30,2416.1399999999994,2961.9,32,0.53125,1.291674010405979
41,2,14,5.0,4.5,16,0,50,2.5,0.18,True,False,vwap,close,15,15,1594.1157142856805,2353.511428571435,29,0.6206896551724138,1.2573558342285573
42,3,10,4.5,3.5,8,1,250,1.5,0.12,True,False,none,close,15,0,1297.2450000000251,4167.809999999996,39,0.5897435897435898,1.0958852166932973
43,2,20,3.0,2.5,6,0,50,2.0,0.08,True,True,both,close,16,0,2672.314999999988,2084.050000000009,32,0.6875,1.4794035071982756
44,3,20,4.0,3.5,6,2,50,1.0,0.12,True,True,ema200,limit_level,15,30,7281.345000000052,3638.9999999999873,29,0.6896551724137931,2.0513089844325396
45,2,10,5.0,5.0,16,0,50,2.5,0.12,True,True,ema200,limit_level,16,15,8152.0000000000055,1706.44,25,0.68,3.3265902552627984
46,2,20,4.0,2.5,10,1,50,1.5,0.12,False,True,both,close,16,30,3152.0000000000023,2111.7999999999943,35,0.6857142857142857,1.5044426804598896
47,3,20,5.0,4.0,10,1,250,1.25,0.08,True,False,both,close,15,30,1347.5549999999857,5168.744999999995,26,0.5769230769230769,1.1394328444846589
48,3,14,3.0,4.0,8,0,500,1.0,0.12,False,False,ema200,limit_level,16,0,16883.62285714285,2461.8085714285658,41,0.6585365853658537,2.8906311939039324
49,2,10,3.5,5.0,10,1,100,2.5,0.18,False,False,none,close,15,0,3650.9900000000266,4232.569999999976,72,0.5138888888888888,1.241607411696587
50,3,20,3.5,3.5,16,2,250,1.5,0.25,False,False,ema200,limit_level,16,15,15315.795000000026,1460.3775000000005,29,0.7586206896551724,4.839613275873752
51,3,14,4.0,3.0,4,2,100,1.25,0.0,True,True,vwap,limit_level,15,30,10993.877142857153,3463.99285714287,34,0.7352941176470589,2.4599171822854746
52,3,10,3.5,3.5,6,1,100,1.25,0.0,True,False,none,close,16,15,1003.0800000000338,6192.194999999984,41,0.5609756097560976,1.057632178598394
53,2,20,4.5,2.5,4,2,250,1.5,0.18,False,False,vwap,close,15,15,4822.949999999999,1745.4449999999943,40,0.7,1.7496345435427476
54,2,10,4.5,4.0,4,2,50,1.0,0.08,False,True,vwap,close,16,15,1800.760000000023,5256.429999999979,43,0.5581395348837209,1.1342256065927674
55,2,20,4.5,4.0,10,1,500,1.25,0.25,True,True,vwap,close,15,30,1075.8049999999907,3207.5549999999885,29,0.5862068965517241,1.1580802696668173
56,2,10,3.5,3.0,12,0,100,0.75,0.18,False,False,ema200,close,14,15,5592.280000000004,1521.6399999999958,39,0.6666666666666666,1.9307684113817043
57,3,20,4.5,2.5,16,0,250,2.5,0.25,True,False,none,close,16,0,2246.5274999999783,3136.6050000000214,38,0.6842105263157895,1.180632551935242
58,3,10,3.0,2.5,6,1,250,1.5,0.0,False,False,both,limit_level,16,30,9908.039999999964,2245.740000000018,38,0.7105263157894737,2.0927559440698187
59,3,14,3.0,4.5,4,1,250,2.0,0.12,True,True,vwap,close,16,15,715.1207142856949,3376.38,32,0.4375,1.0647987203474527
60,2,10,4.5,4.5,16,1,250,1.0,0.25,False,False,none,limit_level,15,15,10305.570000000016,1674.580000000009,51,0.6862745098039216,2.3423115397239713
61,3,14,3.0,3.0,8,1,500,1.25,0.18,True,False,none,limit_level,15,15,12535.82571428574,3194.314285714283,43,0.7209302325581395,2.4491331535928804
62,2,14,5.0,2.5,16,2,500,1.5,0.0,True,False,both,limit_level,14,0,7105.424285714293,808.1942857142899,23,0.8695652173913043,6.92042570717097
63,3,20,3.5,3.5,10,2,500,0.75,0.0,True,True,ema200,close,16,15,-116.74500000003445,3041.220000000009,16,0.4375,0.9833402722109138
64,2,10,3.0,4.0,4,2,100,1.5,0.12,False,False,both,limit_level,14,15,5949.339999999986,2580.9000000000146,32,0.59375,2.1097568709964967
65,2,14,3.5,4.5,12,2,100,0.75,0.12,False,False,ema200,close,15,30,1095.3857142857096,2065.717142857145,30,0.4666666666666667,1.1746071470129924
66,3,20,5.0,5.0,10,0,500,2.0,0.18,False,False,both,limit_level,15,0,9816.93,4099.005000000001,31,0.6451612903225806,2.1908446116838736
67,2,20,4.5,3.0,10,0,250,2.5,0.18,False,False,vwap,limit_level,14,0,8567.844999999983,1089.4550000000058,46,0.7608695652173914,2.505731390445421
68,3,10,4.5,2.5,12,1,50,2.5,0.08,False,True,none,limit_level,15,15,19473.38999999995,4447.905000000028,98,0.6938775510204082,1.9906265499690923
69,3,20,3.0,3.5,16,2,500,1.25,0.18,True,True,vwap,limit_level,14,30,10780.1625,1464.315,20,0.85,7.430025320079808
70,2,14,3.0,5.0,16,0,500,1.0,0.12,True,True,ema200,close,15,15,974.7857142857097,1831.9857142857104,25,0.48,1.216920808566074
71,3,14,3.5,3.0,12,1,100,1.0,0.08,True,False,vwap,limit_level,16,0,14834.228571428597,1135.4700000000003,35,0.8,4.0973753043621475
72,2,14,4.0,4.0,8,2,50,1.5,0.12,True,True,both,limit_level,16,15,7275.714285714281,2352.777142857145,25,0.68,2.76571251856546
73,3,20,4.0,4.0,8,0,500,1.5,0.0,True,False,ema200,limit_level,16,15,13776.47999999998,4008.179999999996,31,0.7096774193548387,2.908342891337952
74,2,20,4.5,3.5,4,2,50,2.0,0.18,False,True,ema200,close,16,0,6665.950000000015,2600.1749999999943,40,0.6,1.9707639981621503
75,3,20,3.5,5.0,4,2,50,1.25,0.18,True,False,vwap,close,15,15,2190.0974999999817,2247.3974999999955,32,0.53125,1.2566008057961051
76,3,10,3.5,3.0,12,1,250,1.0,0.12,False,False,ema200,close,15,0,11420.835,1931.5800000000054,37,0.6486486486486487,2.7868409256786433
77,2,10,4.5,4.5,8,0,500,0.75,0.12,True,False,ema200,limit_level,16,15,7205.020000000019,2284.4399999999855,26,0.6923076923076923,2.725323512226906
78,3,10,3.5,4.0,4,2,250,2.0,0.08,True,False,ema200,limit_level,14,0,4617.030000000021,4175.654999999987,26,0.6153846153846154,1.6601934667438871
79,2,10,4.0,4.0,4,0,100,2.0,0.08,False,False,ema200,limit_level,16,30,12698.68000000005,1236.03999999999,39,0.6923076923076923,3.660769063144332
80,2,14,3.0,4.0,12,1,250,0.75,0.12,True,False,both,close,15,0,1557.35714285713,1752.4314285714204,25,0.52,1.3181543052028266
81,3,20,4.0,2.5,10,1,100,0.75,0.18,True,True,none,close,15,0,5589.4275000000225,2787.6074999999914,43,0.6744186046511628,1.5202913464545866
82,2,20,3.5,2.5,12,0,100,1.0,0.12,True,True,ema200,close,14,30,5081.340000000004,631.7800000000029,27,0.8148148148148148,3.04905135391254
83,3,10,3.0,5.0,4,0,50,1.25,0.08,False,True,vwap,limit_level,14,0,12532.799999999968,3826.350000000022,45,0.6444444444444445,2.0546991370735155
84,3,20,3.0,5.0,4,1,500,1.25,0.25,True,False,vwap,close,16,30,2406.765000000009,3160.155000000009,33,0.48484848484848486,1.2374919701719653
85,3,14,3.0,2.5,10,1,500,2.5,0.0,False,False,none,close,15,30,7504.219285714274,4928.873571428529,96,0.5625,1.2996616070013598
86,2,10,3.5,3.5,12,2,250,1.5,0.25,False,False,both,close,16,0,2995.8400000000024,2319.7299999999914,27,0.5555555555555556,1.4447301267311055
87,2,14,4.5,3.0,10,1,500,1.5,0.18,True,False,both,limit_level,16,15,4289.00857142858,2555.9,29,0.6896551724137931,1.8277259376032162
88,3,10,4.5,2.5,4,0,50,1.5,0.0,False,True,none,limit_level,16,0,17467.29,3885.479999999994,108,0.7129629629629629,1.6337535368444074
89,3,14,4.5,5.0,4,1,250,1.25,0.0,True,True,both,close,14,15,957.0535714285427,5057.13,25,0.64,1.1032110330254477
90,3,10,4.0,4.5,6,1,50,2.0,0.12,True,True,ema200,limit_level,15,15,7706.8499999999885,3047.1600000000003,25,0.72,2.4022040522247914
91,2,10,3.5,4.5,16,1,50,1.0,0.0,True,True,both,limit_level,15,15,5523.300000000003,1778.44,25,0.72,2.609348457609394
92,2,14,4.0,5.0,8,2,50,0.75,0.08,True,True,none,limit_level,15,30,3118.8828571428544,2610.491428571435,37,0.5675675675675675,1.4137016900385735
93,3,14,5.0,4.0,10,1,100,2.0,0.0,False,False,none,limit_level,16,30,20830.692857142683,6988.101428571506,85,0.6470588235294118,1.846567440256443
94,3,20,4.0,2.5,6,1,50,0.75,0.08,False,True,vwap,limit_level,15,15,17898.465000000007,1453.0199999999957,53,0.7924528301886793,3.5071670504782215
95,2,10,4.5,5.0,10,0,100,1.5,0.25,True,False,none,limit_level,16,0,6094.300000000028,2631.3899999999826,35,0.6285714285714286,1.7142338127472914
96,3,10,4.5,2.5,8,2,500,2.0,0.18,False,False,none,limit_level,14,15,16077.540000000019,2376.6899999999987,53,0.7547169811320755,2.6563197804422374
97,2,20,4.5,5.0,8,0,500,0.75,0.08,False,False,none,limit_level,15,30,13064.510000000031,6296.2800000000025,83,0.6024096385542169,1.8484555451718079
98,3,10,4.0,3.0,4,2,50,2.0,0.25,True,False,ema200,close,14,0,1790.4599999999857,5238.480000000013,27,0.6296296296296297,1.2109351806036595
99,2,14,3.5,3.0,12,0,50,1.0,0.18,False,False,ema200,limit_level,14,15,9560.24857142862,1297.9399999999987,41,0.7804878048780488,3.6931643214102734
100,2,14,4.5,5.0,8,1,50,1.25,0.25,True,False,both,limit_level,14,0,3711.55142857142,3124.062857142855,24,0.6666666666666666,1.8112331147010667
101,3,14,3.0,5.0,4,2,500,1.5,0.25,True,False,vwap,limit_level,16,15,8156.202857142845,3646.0585714285653,27,0.6296296296296297,2.1526654169606694
102,2,10,4.5,2.5,8,2,50,2.0,0.08,True,True,both,limit_level,16,30,7872.39000000001,829.1299999999942,27,0.8148148148148148,5.072522697291862
103,2,14,4.0,3.5,10,1,250,2.5,0.25,True,False,none,limit_level,14,30,6207.867142857132,2588.491428571435,38,0.7105263157894737,2.097489933062185
104,3,14,4.0,5.0,16,2,100,1.25,0.0,True,False,ema200,limit_level,14,30,11893.851428571412,2826.4457142857173,26,0.8076923076923077,3.8007468033787735
105,2,14,5.0,4.0,16,1,100,2.5,0.25,True,False,ema200,close,15,15,2437.2857142856806,2704.11428571429,25,0.64,1.4858850963340255
106,2,10,4.0,4.0,6,0,100,1.0,0.0,False,True,none,limit_level,16,0,9308.640000000005,6691.48,87,0.5977011494252874,1.4833698553313475
107,3,10,3.5,3.0,16,2,100,2.5,0.18,True,False,ema200,close,15,30,4340.805000000007,2667.66,26,0.6538461538461539,1.6259086789792103
108,3,20,4.5,3.0,12,0,250,1.5,0.08,False,False,both,limit_level,15,30,11295.57,1217.370000000009,34,0.7058823529411765,3.0737707401032632
109,3,10,3.5,4.5,6,1,50,2.5,0.18,False,True,none,limit_level,14,0,13176.240000000013,5726.414999999999,73,0.5753424657534246,1.603882957185176
110,3,14,5.0,3.0,10,0,100,1.5,0.12,True,False,none,limit_level,16,15,10530.540000000005,2097.72,43,0.7209302325581395,1.882155522828956
111,2,14,3.0,3.5,6,0,250,0.75,0.12,True,True,none,limit_level,15,30,4457.712857142869,2078.93571428571,41,0.6341463414634146,1.589445180107262
112,2,20,4.5,4.0,12,0,50,0.75,0.12,True,True,both,close,15,0,3096.9849999999938,2008.0749999999884,23,0.6521739130434783,1.769740382237477
113,3,10,3.0,3.0,10,2,500,0.75,0.0,False,True,vwap,close,15,15,204.05999999998653,3102.2100000000173,22,0.5909090909090909,1.029987082894311
114,2,20,4.0,3.0,12,1,100,2.5,0.0,False,True,none,limit_level,15,0,14957.320000000016,3478.7699999999973,101,0.6831683168316832,2.028025589777287
115,3,14,4.0,5.0,4,1,50,1.25,0.08,True,False,vwap,close,15,30,1934.0014285714128,3629.7942857143044,31,0.5483870967741935,1.1895480923674522
116,3,20,3.5,5.0,10,2,500,2.5,0.08,True,True,both,close,15,0,-240.4725000000135,4128.637500000009,23,0.4782608695652174,0.9701255151375652
117,2,10,3.0,3.5,8,2,500,2.0,0.18,False,True,vwap,limit_level,15,0,6613.799999999997,2621.7200000000175,35,0.6857142857142857,2.2088655256366163
118,3,14,3.0,3.5,10,1,500,1.5,0.12,True,False,both,limit_level,16,15,9523.054285714305,3118.4035714285656,28,0.6785714285714286,2.3212213969218976
119,2,20,4.5,2.5,10,2,100,2.0,0.12,False,True,none,limit_level,16,15,13263.920000000015,2181.8749999999964,81,0.7654320987654321,2.3778448606305256
120,3,14,5.0,5.0,10,0,500,1.25,0.18,True,False,both,limit_level,16,0,10817.969999999963,2922.724285714299,24,0.7083333333333334,3.052438059569802
121,2,20,4.5,3.5,12,2,100,0.75,0.08,False,True,vwap,close,14,30,2236.4999999999936,2106.014999999997,30,0.6666666666666666,1.3523753628725714
122,3,14,4.5,4.5,4,2,100,2.5,0.18,False,False,both,close,16,0,1968.2807142856734,5057.13,29,0.5172413793103449,1.1478882797703844
123,3,14,4.0,5.0,8,0,50,0.75,0.08,False,False,none,limit_level,15,30,15418.097142857088,10373.262857142883,83,0.5903614457831325,1.6071658462671539
124,3,10,5.0,3.5,16,1,100,0.75,0.08,True,False,vwap,limit_level,14,30,16884.825000000026,935.1899999999987,30,0.8333333333333334,14.06015779092704
125,3,20,4.0,5.0,4,2,250,1.25,0.08,True,False,vwap,close,14,0,2119.4699999999993,2579.399999999996,24,0.5416666666666666,1.3248020817050854
126,2,14,3.0,3.5,12,2,250,1.5,0.25,True,True,none,limit_level,15,30,3666.302857142869,2043.3485714285653,33,0.6060606060606061,1.6176285139731104
127,3,20,4.5,4.0,12,0,100,1.25,0.0,False,False,ema200,close,16,30,8751.892500000013,3072.712499999996,41,0.5365853658536586,1.7538582195953447
128,2,10,4.5,4.5,4,0,100,1.25,0.08,True,False,vwap,limit_level,16,15,7959.370000000006,1288.6399999999958,31,0.6774193548387096,2.8363468570835364
129,2,14,3.5,5.0,12,1,100,2.5,0.12,True,True,vwap,close,16,30,1662.1671428571444,1820.03428571429,28,0.5,1.251330563661308
130,3,20,3.0,2.5,4,0,250,2.5,0.08,False,True,both,limit_level,16,15,14123.25,1836.0150000000049,40,0.8,3.2982066884880945
131,3,10,4.5,3.5,10,0,50,1.0,0.18,False,False,both,close,15,30,-304.3199999999583,6247.214999999975,31,0.5161290322580645,0.9768574866965947
132,2,14,4.0,5.0,8,1,100,1.25,0.25,True,False,vwap,limit_level,14,15,4796.099999999986,2716.491428571435,30,0.6666666666666666,1.9452678465844098
133,3,10,3.5,2.5,4,1,500,2.0,0.18,True,True,ema200,limit_level,14,0,8962.695000000002,2502.7650000000044,29,0.7931034482758621,2.676956453405484
134,3,20,4.5,4.0,8,1,50,0.75,0.18,False,True,vwap,limit_level,14,0,10455.64499999996,4277.512499999992,44,0.6818181818181818,1.9009017508985802
135,3,14,5.0,5.0,16,1,250,2.0,0.0,True,False,vwap,limit_level,16,15,14111.828571428552,1882.9457142857154,30,0.7333333333333333,3.6363824882763156
136,3,14,3.0,4.0,4,2,100,1.25,0.25,False,True,both,limit_level,16,15,11873.155714285722,3646.0585714285653,29,0.6206896551724138,2.465261172577902
137,2,10,3.0,4.0,8,1,250,1.0,0.08,False,True,none,close,14,30,8844.220000000054,2147.259999999984,66,0.5757575757575758,1.7410235657059823
138,3,14,5.0,4.0,6,2,100,1.25,0.25,False,True,both,limit_level,16,15,15140.232857142812,1509.0771428571516,28,0.7142857142857143,3.3660802012498876
139,3,20,5.0,3.5,10,0,250,1.25,0.0,False,False,none,limit_level,15,30,28775.369999999933,5139.427500000005,94,0.6808510638297872,2.575860482691768
140,2,20,3.0,4.5,10,0,500,1.0,0.08,True,True,vwap,close,15,15,565.005000000011,2045.1600000000176,34,0.5,1.0807922142733581
141,3,10,4.5,5.0,6,1,500,2.5,0.0,True,True,ema200,limit_level,16,15,14840.010000000033,3426.6599999999785,27,0.7407407407407407,3.659814601727103
142,3,10,4.5,4.5,8,2,250,2.5,0.12,False,True,vwap,limit_level,16,15,13251.345000000028,3485.8799999999783,39,0.6153846153846154,1.952790944731154
143,2,14,4.0,5.0,6,2,500,1.25,0.18,False,False,ema200,close,16,30,2138.10285714284,3677.257142857145,23,0.4782608695652174,1.3239807846166078
144,3,14,4.0,3.0,8,0,250,2.5,0.0,False,False,ema200,limit_level,14,0,15191.83285714292,2460.2314285714356,48,0.7291666666666666,3.0745562081695663
145,3,20,4.0,3.0,4,2,100,1.0,0.0,True,True,none,close,15,15,5509.349999999962,4417.980000000013,40,0.65,1.4688577074493323
146,3,10,3.5,2.5,12,0,500,2.5,0.18,False,True,ema200,limit_level,15,30,14195.955000000025,1763.0249999999924,41,0.7804878048780488,3.7805192630307967
147,2,10,5.0,3.0,12,2,50,1.0,0.18,True,True,both,limit_level,14,30,8798.360000000013,141.47999999999956,23,0.8695652173913043,37.89968126153336
148,3,10,3.0,3.5,12,2,50,1.25,0.12,False,False,vwap,limit_level,15,0,19339.979999999985,1609.7699999999957,46,0.7608695652173914,3.206445474272173
149,2,14,3.5,5.0,10,2,250,2.5,0.08,True,False,ema200,close,14,30,790.2857142857097,2624.42,25,0.6,1.151517641452071
150,3,14,5.0,3.5,4,1,50,1.0,0.08,False,False,vwap,close,15,15,5659.701428571386,4156.885714285718,46,0.6521739130434783,1.366966238807029
