trade_num,entry_time,exit_time,entry_date,side,entry_price,exit_price,pnl_usd,comment
1,2026-05-11T14:32:00.000Z,2026-05-11T14:35:00.000Z,2026-05-11,,29282.25,29322.25,78.76,
2,2026-05-11T15:15:00.000Z,2026-05-11T15:27:00.000Z,2026-05-11,,29378.5,29418.5,78.76,
3,2026-05-11T15:42:00.000Z,2026-05-11T15:53:00.000Z,2026-05-11,,29434,29454.25,-41.74,
4,2026-05-11T16:22:00.000Z,2026-05-11T16:39:00.000Z,2026-05-11,,29459.25,29439,-41.74,
5,2026-05-11T17:05:00.000Z,2026-05-11T17:12:00.000Z,2026-05-11,,29425.75,29385.75,78.76,
6,2026-05-11T17:13:00.000Z,2026-05-11T17:26:00.000Z,2026-05-11,,29391.75,29431.75,78.76,
7,2026-05-11T17:54:00.000Z,2026-05-11T18:45:00.000Z,2026-05-11,,29455.25,29435,-41.74,
8,2026-05-11T18:55:00.000Z,2026-05-11T18:57:00.000Z,2026-05-11,,29437.75,29417.5,-41.74,
9,2026-05-11T19:24:00.000Z,2026-05-11T19:29:00.000Z,2026-05-11,,29387,29381.5,-12.24,
10,2026-05-11T19:38:00.000Z,2026-05-11T19:39:00.000Z,2026-05-11,,29387.75,29389.75,2.76,
11,2026-05-11T19:53:00.000Z,2026-05-11T19:54:00.000Z,2026-05-11,,29405.75,29419.25,-28.24,
12,2026-05-11T20:09:00.000Z,2026-05-11T20:10:00.000Z,2026-05-11,,29401,29404.25,5.26,
13,2026-05-11T20:52:00.000Z,2026-05-11T20:53:00.000Z,2026-05-11,,29396,29402.25,11.26,
14,2026-05-12T14:33:00.000Z,2026-05-12T14:34:00.000Z,2026-05-12,,29019.75,29042.75,44.76,
15,2026-05-12T15:05:00.000Z,2026-05-12T15:06:00.000Z,2026-05-12,,28981.5,29009,53.76,
16,2026-05-12T15:19:00.000Z,2026-05-12T15:20:00.000Z,2026-05-12,,28937.5,28935,-6.24,
17,2026-05-12T15:39:00.000Z,2026-05-12T15:40:00.000Z,2026-05-12,,28931,28931,-1.24,
18,2026-05-12T15:51:00.000Z,2026-05-12T15:52:00.000Z,2026-05-12,,28905.75,28887.75,-37.24,
19,2026-05-12T16:14:00.000Z,2026-05-12T16:15:00.000Z,2026-05-12,,28909.25,28889.75,37.76,
20,2026-05-12T16:22:00.000Z,2026-05-12T16:23:00.000Z,2026-05-12,,28852.5,28844.5,-17.24,
21,2026-05-12T16:32:00.000Z,2026-05-12T16:33:00.000Z,2026-05-12,,28811.5,28801,-22.24,
22,2026-05-12T16:43:00.000Z,2026-05-12T16:44:00.000Z,2026-05-12,,28782.5,28790.5,14.76,
23,2026-05-12T17:08:00.000Z,2026-05-12T17:09:00.000Z,2026-05-12,,28815.5,28813.75,2.26,
24,2026-05-12T17:20:00.000Z,2026-05-12T17:21:00.000Z,2026-05-12,,28885.25,28896.75,-24.24,
25,2026-05-12T17:34:00.000Z,2026-05-12T17:35:00.000Z,2026-05-12,,28921.25,28894,53.26,
26,2026-05-12T17:49:00.000Z,2026-05-12T17:50:00.000Z,2026-05-12,,28894.25,28884.25,-21.24,
27,2026-05-12T17:55:00.000Z,2026-05-12T17:56:00.000Z,2026-05-12,,28901,28907.5,-14.24,
28,2026-05-12T18:14:00.000Z,2026-05-12T18:15:00.000Z,2026-05-12,,28946.25,28959.75,-28.24,
29,2026-05-12T18:47:00.000Z,2026-05-12T18:48:00.000Z,2026-05-12,,28962.5,28971.25,16.26,
30,2026-05-12T18:59:00.000Z,2026-05-12T19:00:00.000Z,2026-05-12,,28956.5,28974.5,34.76,
31,2026-05-12T19:07:00.000Z,2026-05-12T19:08:00.000Z,2026-05-12,,29000.5,28995.75,8.26,
32,2026-05-12T19:35:00.000Z,2026-05-12T19:36:00.000Z,2026-05-12,,29095,29096,-3.24,
33,2026-05-12T19:54:00.000Z,2026-05-12T19:55:00.000Z,2026-05-12,,29159.25,29160.25,-3.24,
34,2026-05-12T20:33:00.000Z,2026-05-12T22:01:00.000Z,2026-05-12,,29113.75,29153.75,78.76,
35,2026-05-13T14:52:00.000Z,2026-05-13T14:54:00.000Z,2026-05-13,,29291,29311.25,-41.74,
36,2026-05-13T15:13:00.000Z,2026-05-13T15:25:00.000Z,2026-05-13,,29313.5,29293.25,-41.74,
37,2026-05-13T15:41:00.000Z,2026-05-13T15:43:00.000Z,2026-05-13,,29352.5,29372.75,-41.74,
38,2026-05-13T15:58:00.000Z,2026-05-13T16:03:00.000Z,2026-05-13,,29312.75,29352.75,78.76,
39,2026-05-13T16:23:00.000Z,2026-05-13T16:24:00.000Z,2026-05-13,,29403,29430.5,-56.24,
40,2026-05-13T16:47:00.000Z,2026-05-13T17:01:00.000Z,2026-05-13,,29433.75,29473.75,78.76,
41,2026-05-13T17:23:00.000Z,2026-05-13T17:59:00.000Z,2026-05-13,,29474.5,29454.25,-41.74,
42,2026-05-13T18:01:00.000Z,2026-05-13T18:10:00.000Z,2026-05-13,,29456,29496,78.76,
43,2026-05-13T18:20:00.000Z,2026-05-13T18:38:00.000Z,2026-05-13,,29554,29514,78.76,
44,2026-05-13T18:39:00.000Z,2026-05-13T18:47:00.000Z,2026-05-13,,29527,29506.75,-41.74,
45,2026-05-13T18:51:00.000Z,2026-05-13T18:58:00.000Z,2026-05-13,,29503.75,29483.5,-41.74,
46,2026-05-13T19:06:00.000Z,2026-05-13T19:14:00.000Z,2026-05-13,,29486,29526,78.76,
47,2026-05-13T19:40:00.000Z,2026-05-13T19:50:00.000Z,2026-05-13,,29532.25,29492.25,78.76,
48,2026-05-13T19:53:00.000Z,2026-05-13T20:04:00.000Z,2026-05-13,,29472.5,29452.25,-41.74,
49,2026-05-13T20:11:00.000Z,2026-05-13T20:31:00.000Z,2026-05-13,,29508.75,29529,-41.74,
50,2026-05-13T20:36:00.000Z,2026-05-13T22:05:00.000Z,2026-05-13,,29539,29559.25,-41.74,
51,2026-05-14T14:38:00.000Z,2026-05-14T14:39:00.000Z,2026-05-14,,29668.5,29677.75,-19.74,
52,2026-05-14T14:59:00.000Z,2026-05-14T15:00:00.000Z,2026-05-14,,29674.75,29675,-0.74,
53,2026-05-14T15:38:00.000Z,2026-05-14T16:05:00.000Z,2026-05-14,,29734.75,29774.75,78.76,
54,2026-05-14T16:06:00.000Z,2026-05-14T16:29:00.000Z,2026-05-14,,29764.75,29724.75,78.76,
55,2026-05-14T16:45:00.000Z,2026-05-14T16:56:00.000Z,2026-05-14,,29715.25,29695,-41.74,
56,2026-05-14T16:56:00.000Z,2026-05-14T17:08:00.000Z,2026-05-14,,29716.5,29696.25,-41.74,
57,2026-05-14T17:17:00.000Z,2026-05-14T17:19:00.000Z,2026-05-14,,29632.5,29612.25,-41.74,
58,2026-05-14T17:33:00.000Z,2026-05-14T17:35:00.000Z,2026-05-14,,29650.75,29671,-41.74,
59,2026-05-14T17:46:00.000Z,2026-05-14T17:51:00.000Z,2026-05-14,,29716.25,29736.5,-41.74,
60,2026-05-14T18:05:00.000Z,2026-05-14T18:15:00.000Z,2026-05-14,,29664.25,29704.25,78.76,
61,2026-05-14T18:41:00.000Z,2026-05-14T18:56:00.000Z,2026-05-14,,29674.75,29714.75,78.76,
62,2026-05-14T19:14:00.000Z,2026-05-14T19:15:00.000Z,2026-05-14,,29706.25,29708.75,3.76,
63,2026-05-14T19:29:00.000Z,2026-05-14T19:30:00.000Z,2026-05-14,,29699.5,29712.5,24.76,
64,2026-05-14T19:52:00.000Z,2026-05-14T19:53:00.000Z,2026-05-14,,29699.25,29710.5,21.26,
65,2026-05-14T20:16:00.000Z,2026-05-14T20:17:00.000Z,2026-05-14,,29688.5,29698,17.76,
66,2026-05-14T20:41:00.000Z,2026-05-14T20:42:00.000Z,2026-05-14,,29661.75,29666.25,7.76,
67,2026-05-14T20:58:00.000Z,2026-05-14T20:59:00.000Z,2026-05-14,,29679.5,29689.25,-20.74,
68,2026-05-15T14:48:00.000Z,2026-05-15T14:50:00.000Z,2026-05-15,,29294,29273.75,-41.74,
69,2026-05-15T15:06:00.000Z,2026-05-15T15:09:00.000Z,2026-05-15,,29255.25,29295.25,78.76,
70,2026-05-15T15:22:00.000Z,2026-05-15T15:25:00.000Z,2026-05-15,,29346.75,29306.75,78.76,
71,2026-05-15T15:32:00.000Z,2026-05-15T15:40:00.000Z,2026-05-15,,29366,29326,78.76,
72,2026-05-15T15:43:00.000Z,2026-05-15T15:44:00.000Z,2026-05-15,,29309,29284.5,-50.24,
73,2026-05-15T15:55:00.000Z,2026-05-15T15:59:00.000Z,2026-05-15,,29246,29286,78.76,
74,2026-05-15T16:03:00.000Z,2026-05-15T16:08:00.000Z,2026-05-15,,29278.25,29298.5,-41.74,
75,2026-05-15T16:17:00.000Z,2026-05-15T16:22:00.000Z,2026-05-15,,29270,29310,78.76,
76,2026-05-15T16:44:00.000Z,2026-05-15T16:53:00.000Z,2026-05-15,,29345.5,29305.5,78.76,
77,2026-05-15T16:55:00.000Z,2026-05-15T17:06:00.000Z,2026-05-15,,29310.75,29350.75,78.76,
78,2026-05-15T17:06:00.000Z,2026-05-15T17:20:00.000Z,2026-05-15,,29349.75,29370,-41.74,
79,2026-05-15T17:21:00.000Z,2026-05-15T17:23:00.000Z,2026-05-15,,29374,29394.25,-41.74,
80,2026-05-15T17:57:00.000Z,2026-05-15T17:59:00.000Z,2026-05-15,,29429.75,29450,-41.74,
81,2026-05-15T18:07:00.000Z,2026-05-15T18:18:00.000Z,2026-05-15,,29478.5,29438.5,78.76,
82,2026-05-15T18:20:00.000Z,2026-05-15T18:27:00.000Z,2026-05-15,,29411.5,29391.25,-41.74,
83,2026-05-15T18:32:00.000Z,2026-05-15T18:34:00.000Z,2026-05-15,,29346,29325.75,-41.74,
84,2026-05-15T18:56:00.000Z,2026-05-15T19:06:00.000Z,2026-05-15,,29388,29348,78.76,
85,2026-05-15T19:18:00.000Z,2026-05-15T19:24:00.000Z,2026-05-15,,29308.5,29288.25,-41.74,
86,2026-05-15T19:28:00.000Z,2026-05-15T19:40:00.000Z,2026-05-15,,29293.5,29333.5,78.76,
87,2026-05-15T19:46:00.000Z,2026-05-15T19:50:00.000Z,2026-05-15,,29286.25,29266,-41.74,
88,2026-05-15T19:56:00.000Z,2026-05-15T20:00:00.000Z,2026-05-15,,29229.5,29209.25,-41.74,
89,2026-05-15T20:48:00.000Z,2026-05-15T20:59:00.000Z,2026-05-15,,29175.5,29195.75,-41.74,
90,2026-05-15T20:59:00.000Z,2026-05-17T22:00:00.000Z,2026-05-15,,29172.5,29198.75,-53.74,
91,2026-05-18T14:36:00.000Z,2026-05-18T14:37:00.000Z,2026-05-18,,29003.75,29051.75,94.76,
92,2026-05-18T15:01:00.000Z,2026-05-18T15:09:00.000Z,2026-05-18,,29078,29038,78.76,
93,2026-05-18T15:10:00.000Z,2026-05-18T15:12:00.000Z,2026-05-18,,29047.75,29087.75,78.76,
94,2026-05-18T15:21:00.000Z,2026-05-18T15:23:00.000Z,2026-05-18,,29014.75,28994.5,-41.74,
95,2026-05-18T15:31:00.000Z,2026-05-18T15:34:00.000Z,2026-05-18,,28967.25,29007.25,78.76,
96,2026-05-18T15:38:00.000Z,2026-05-18T15:44:00.000Z,2026-05-18,,29043.5,29003.5,78.76,
97,2026-05-18T16:01:00.000Z,2026-05-18T16:10:00.000Z,2026-05-18,,28973.5,29013.5,78.76,
98,2026-05-18T16:20:00.000Z,2026-05-18T16:23:00.000Z,2026-05-18,,29054.75,29014.75,78.76,
99,2026-05-18T16:31:00.000Z,2026-05-18T16:33:00.000Z,2026-05-18,,28884.75,28924.75,78.76,
100,2026-05-18T17:21:00.000Z,2026-05-18T17:23:00.000Z,2026-05-18,,28987,28966.75,-41.74,
101,2026-05-18T17:38:00.000Z,2026-05-18T17:43:00.000Z,2026-05-18,,28974.25,29014.25,78.76,
102,2026-05-18T17:44:00.000Z,2026-05-18T18:02:00.000Z,2026-05-18,,29011,28971,78.76,
103,2026-05-18T18:07:00.000Z,2026-05-18T18:10:00.000Z,2026-05-18,,28949,28928.75,-41.74,
104,2026-05-18T18:17:00.000Z,2026-05-18T18:19:00.000Z,2026-05-18,,28880.75,28860.5,-41.74,
105,2026-05-18T18:51:00.000Z,2026-05-18T19:00:00.000Z,2026-05-18,,28835,28875,78.76,
106,2026-05-18T19:03:00.000Z,2026-05-18T19:06:00.000Z,2026-05-18,,28999.5,28959.5,78.76,
107,2026-05-18T19:24:00.000Z,2026-05-18T19:31:00.000Z,2026-05-18,,28915,28955,78.76,
108,2026-05-18T19:37:00.000Z,2026-05-18T19:39:00.000Z,2026-05-18,,28986.5,29006.75,-41.74,
109,2026-05-18T20:24:00.000Z,2026-05-18T22:00:00.000Z,2026-05-18,,29089,29109.25,-41.74,
110,2026-05-19T14:41:00.000Z,2026-05-19T14:44:00.000Z,2026-05-19,,28781.5,28741.5,78.76,
111,2026-05-19T14:47:00.000Z,2026-05-19T14:51:00.000Z,2026-05-19,,28690.5,28730.5,78.76,
112,2026-05-19T14:57:00.000Z,2026-05-19T15:01:00.000Z,2026-05-19,,28795.5,28815.75,-41.74,
113,2026-05-19T15:15:00.000Z,2026-05-19T15:19:00.000Z,2026-05-19,,28842,28802,78.76,
114,2026-05-19T15:24:00.000Z,2026-05-19T15:27:00.000Z,2026-05-19,,28746.5,28786.5,78.76,
115,2026-05-19T15:37:00.000Z,2026-05-19T15:42:00.000Z,2026-05-19,,28839.5,28859.75,-41.74,
116,2026-05-19T15:54:00.000Z,2026-05-19T15:55:00.000Z,2026-05-19,,28821.5,28792,-60.24,
117,2026-05-19T16:02:00.000Z,2026-05-19T16:06:00.000Z,2026-05-19,,28869.25,28829.25,78.76,
118,2026-05-19T16:26:00.000Z,2026-05-19T16:28:00.000Z,2026-05-19,,28900.75,28921,-41.74,
119,2026-05-19T16:52:00.000Z,2026-05-19T16:55:00.000Z,2026-05-19,,29009,29029.25,-41.74,
120,2026-05-19T17:03:00.000Z,2026-05-19T17:09:00.000Z,2026-05-19,,29049.25,29069.5,-41.74,
121,2026-05-19T17:23:00.000Z,2026-05-19T17:26:00.000Z,2026-05-19,,29117,29077,78.76,
122,2026-05-19T17:45:00.000Z,2026-05-19T17:46:00.000Z,2026-05-19,,29075,29048,-55.24,
123,2026-05-19T18:05:00.000Z,2026-05-19T18:18:00.000Z,2026-05-19,,29092,29052,78.76,
124,2026-05-19T18:28:00.000Z,2026-05-19T18:30:00.000Z,2026-05-19,,29029.5,29009.25,-41.74,
125,2026-05-19T18:39:00.000Z,2026-05-19T18:48:00.000Z,2026-05-19,,29015.75,28995.5,-41.74,
126,2026-05-19T18:53:00.000Z,2026-05-19T18:55:00.000Z,2026-05-19,,28990,28969.75,-41.74,
127,2026-05-19T19:15:00.000Z,2026-05-19T19:19:00.000Z,2026-05-19,,29047.25,29007.25,78.76,
128,2026-05-19T19:25:00.000Z,2026-05-19T19:31:00.000Z,2026-05-19,,28947.75,28987.75,78.76,
129,2026-05-19T19:46:00.000Z,2026-05-19T19:50:00.000Z,2026-05-19,,28927.5,28907.25,-41.74,
130,2026-05-19T20:08:00.000Z,2026-05-19T20:29:00.000Z,2026-05-19,,28929.5,28909,39.76,
131,2026-05-19T20:34:00.000Z,2026-05-19T20:35:00.000Z,2026-05-19,,28903.75,28908.5,8.26,
132,2026-05-19T20:46:00.000Z,2026-05-19T20:47:00.000Z,2026-05-19,,28896.25,28896.75,-0.24,
133,2026-05-19T20:58:00.000Z,2026-05-19T20:59:00.000Z,2026-05-19,,28892.5,28898.75,11.26,
134,2026-05-20T14:52:00.000Z,2026-05-20T14:53:00.000Z,2026-05-20,,29232,29250,-37.24,
135,2026-05-20T15:17:00.000Z,2026-05-20T15:18:00.000Z,2026-05-20,,29312.75,29313.75,-3.24,
136,2026-05-20T15:50:00.000Z,2026-05-20T16:03:00.000Z,2026-05-20,,29341.25,29301.25,78.76,
137,2026-05-20T16:04:00.000Z,2026-05-20T16:11:00.000Z,2026-05-20,,29316.25,29296,-41.74,
138,2026-05-20T16:18:00.000Z,2026-05-20T16:20:00.000Z,2026-05-20,,29271,29250.75,-41.74,
139,2026-05-20T16:45:00.000Z,2026-05-20T16:57:00.000Z,2026-05-20,,29273.5,29233.5,78.76,
140,2026-05-20T16:57:00.000Z,2026-05-20T16:59:00.000Z,2026-05-20,,29232.5,29272.5,78.76,
141,2026-05-20T17:10:00.000Z,2026-05-20T17:13:00.000Z,2026-05-20,,29251,29291,78.76,
142,2026-05-20T17:13:00.000Z,2026-05-20T17:27:00.000Z,2026-05-20,,29277,29297.25,-41.74,
143,2026-05-20T17:28:00.000Z,2026-05-20T17:36:00.000Z,2026-05-20,,29292.75,29313,-41.74,
144,2026-05-20T17:53:00.000Z,2026-05-20T18:00:00.000Z,2026-05-20,,29289.5,29269.25,-41.74,
145,2026-05-20T18:01:00.000Z,2026-05-20T18:37:00.000Z,2026-05-20,,29313.75,29334,-41.74,
146,2026-05-20T18:39:00.000Z,2026-05-20T18:45:00.000Z,2026-05-20,,29334.25,29294.25,78.76,
147,2026-05-20T19:01:00.000Z,2026-05-20T19:15:00.000Z,2026-05-20,,29324,29344.25,-41.74,
148,2026-05-20T19:31:00.000Z,2026-05-20T19:39:00.000Z,2026-05-20,,29335.5,29375.5,78.76,
149,2026-05-20T19:46:00.000Z,2026-05-20T19:58:00.000Z,2026-05-20,,29365.25,29385.5,-41.74,
150,2026-05-20T19:58:00.000Z,2026-05-20T20:16:00.000Z,2026-05-20,,29377.75,29337.75,78.76,
151,2026-05-20T20:23:00.000Z,2026-05-20T20:25:00.000Z,2026-05-20,,29296,29336,78.76,
152,2026-05-20T20:52:00.000Z,2026-05-20T20:54:00.000Z,2026-05-20,,29282.75,29262.5,-41.74,
153,2026-05-21T14:37:00.000Z,2026-05-21T14:40:00.000Z,2026-05-21,,29244.75,29204.75,78.76,
154,2026-05-21T14:49:00.000Z,2026-05-21T14:50:00.000Z,2026-05-21,,29199.25,29173.25,-53.24,
155,2026-05-21T14:59:00.000Z,2026-05-21T15:05:00.000Z,2026-05-21,,29234,29194,78.76,
156,2026-05-21T15:06:00.000Z,2026-05-21T15:08:00.000Z,2026-05-21,,29176.5,29156.25,-41.74,
157,2026-05-21T15:33:00.000Z,2026-05-21T15:34:00.000Z,2026-05-21,,29211.75,29185.25,-54.24,
158,2026-05-21T15:43:00.000Z,2026-05-21T15:47:00.000Z,2026-05-21,,29265,29285.25,-41.74,
159,2026-05-21T15:59:00.000Z,2026-05-21T16:09:00.000Z,2026-05-21,,29266.75,29306.75,78.76,
160,2026-05-21T16:13:00.000Z,2026-05-21T16:15:00.000Z,2026-05-21,,29279.75,29259.5,-41.74,
161,2026-05-21T16:23:00.000Z,2026-05-21T16:29:00.000Z,2026-05-21,,29243.25,29246.75,5.76,
162,2026-05-21T16:45:00.000Z,2026-05-21T16:46:00.000Z,2026-05-21,,29261,29240.75,39.26,
163,2026-05-21T17:02:00.000Z,2026-05-21T17:03:00.000Z,2026-05-21,,29278.75,29280,-3.74,
164,2026-05-21T17:12:00.000Z,2026-05-21T17:13:00.000Z,2026-05-21,,29346.75,29330.75,30.76,
165,2026-05-21T17:22:00.000Z,2026-05-21T17:23:00.000Z,2026-05-21,,29433.25,29398.5,68.26,
166,2026-05-21T17:35:00.000Z,2026-05-21T17:36:00.000Z,2026-05-21,,29453.75,29453.5,-0.74,
167,2026-05-21T17:53:00.000Z,2026-05-21T17:54:00.000Z,2026-05-21,,29526.25,29541.75,-32.24,
168,2026-05-21T18:04:00.000Z,2026-05-21T18:14:00.000Z,2026-05-21,,29467.75,29447.5,-41.74,
169,2026-05-21T18:14:00.000Z,2026-05-21T18:16:00.000Z,2026-05-21,,29451.25,29431,-41.74,
170,2026-05-21T18:38:00.000Z,2026-05-21T18:46:00.000Z,2026-05-21,,29450,29429.75,-41.74,
171,2026-05-21T18:50:00.000Z,2026-05-21T18:52:00.000Z,2026-05-21,,29420,29399.75,-41.74,
172,2026-05-21T19:35:00.000Z,2026-05-21T19:42:00.000Z,2026-05-21,,29429,29408.75,-41.74,
173,2026-05-21T19:45:00.000Z,2026-05-21T19:57:00.000Z,2026-05-21,,29411,29451,78.76,
174,2026-05-21T20:01:00.000Z,2026-05-21T20:59:00.000Z,2026-05-21,,29455.5,29455.25,-0.74,
175,2026-05-22T14:36:00.000Z,2026-05-22T14:37:00.000Z,2026-05-22,,29606.25,29609,-6.74,
176,2026-05-22T14:57:00.000Z,2026-05-22T14:58:00.000Z,2026-05-22,,29644.75,29651.75,-15.24,
177,2026-05-22T15:25:00.000Z,2026-05-22T15:49:00.000Z,2026-05-22,,29682,29661.75,-41.74,
178,2026-05-22T16:00:00.000Z,2026-05-22T16:15:00.000Z,2026-05-22,,29675.75,29655.5,-41.74,
179,2026-05-22T16:23:00.000Z,2026-05-22T17:01:00.000Z,2026-05-22,,29650,29690,78.76,
180,2026-05-22T17:03:00.000Z,2026-05-22T17:19:00.000Z,2026-05-22,,29692.5,29652.5,78.76,
181,2026-05-22T17:20:00.000Z,2026-05-22T17:28:00.000Z,2026-05-22,,29677.75,29717.75,78.76,
182,2026-05-22T17:28:00.000Z,2026-05-22T17:29:00.000Z,2026-05-22,,29707,29736.75,-60.74,
183,2026-05-22T17:51:00.000Z,2026-05-22T17:54:00.000Z,2026-05-22,,29689.5,29669.25,-41.74,
184,2026-05-22T18:01:00.000Z,2026-05-22T18:04:00.000Z,2026-05-22,,29675.5,29655.25,-41.74,
185,2026-05-22T18:12:00.000Z,2026-05-22T18:34:00.000Z,2026-05-22,,29664,29643.75,-41.74,
186,2026-05-22T19:01:00.000Z,2026-05-22T19:02:00.000Z,2026-05-22,,29640.25,29612,-57.74,
187,2026-05-22T19:16:00.000Z,2026-05-22T19:26:00.000Z,2026-05-22,,29589.25,29569,-41.74,
188,2026-05-22T19:27:00.000Z,2026-05-22T19:29:00.000Z,2026-05-22,,29568.25,29548,-41.74,
189,2026-05-22T19:41:00.000Z,2026-05-22T19:46:00.000Z,2026-05-22,,29563,29542.75,-41.74,
190,2026-05-22T19:52:00.000Z,2026-05-22T20:31:00.000Z,2026-05-22,,29553,29532.75,-41.74,
191,2026-05-22T20:31:00.000Z,2026-05-24T22:00:00.000Z,2026-05-22,,29539.75,29675.75,270.76,
192,2026-05-25T14:41:00.000Z,2026-05-25T15:10:00.000Z,2026-05-25,,29919.5,29959.5,78.76,
193,2026-05-25T15:13:00.000Z,2026-05-25T15:28:00.000Z,2026-05-25,,29974,29934,78.76,
194,2026-05-25T15:30:00.000Z,2026-05-25T16:59:00.000Z,2026-05-25,,29927,29967,78.76,
195,2026-05-26T14:36:00.000Z,2026-05-26T14:58:00.000Z,2026-05-26,,30100.25,30060.25,78.76,
196,2026-05-26T15:05:00.000Z,2026-05-26T15:07:00.000Z,2026-05-26,,30035,30014.75,-41.74,
197,2026-05-26T15:18:00.000Z,2026-05-26T15:30:00.000Z,2026-05-26,,30011.25,29991,-41.74,
198,2026-05-26T15:30:00.000Z,2026-05-26T15:36:00.000Z,2026-05-26,,29987.5,29967.25,-41.74,
199,2026-05-26T15:45:00.000Z,2026-05-26T15:47:00.000Z,2026-05-26,,29977.25,29957,-41.74,
200,2026-05-26T16:30:00.000Z,2026-05-26T16:45:00.000Z,2026-05-26,,29999,29959,78.76,
201,2026-05-26T17:03:00.000Z,2026-05-26T17:24:00.000Z,2026-05-26,,29997,29957,78.76,
202,2026-05-26T17:35:00.000Z,2026-05-26T17:49:00.000Z,2026-05-26,,29986.75,30007,-41.74,
203,2026-05-26T18:01:00.000Z,2026-05-26T18:17:00.000Z,2026-05-26,,29991.75,30031.75,78.76,
204,2026-05-26T18:41:00.000Z,2026-05-26T18:50:00.000Z,2026-05-26,,30042,30021.75,-41.74,
205,2026-05-26T18:58:00.000Z,2026-05-26T19:16:00.000Z,2026-05-26,,30021,30061,78.76,
206,2026-05-26T19:28:00.000Z,2026-05-26T19:40:00.000Z,2026-05-26,,30047.75,30087.75,78.76,
207,2026-05-26T19:50:00.000Z,2026-05-26T19:53:00.000Z,2026-05-26,,30086.5,30106.75,-41.74,
208,2026-05-26T19:57:00.000Z,2026-05-26T20:06:00.000Z,2026-05-26,,30081.25,30061,-41.74,
209,2026-05-26T20:39:00.000Z,2026-05-26T22:48:00.000Z,2026-05-26,,30069,30029,78.76,
210,2026-05-27T15:57:00.000Z,2026-05-27T16:03:00.000Z,2026-05-27,,29931.75,29952,-41.74,
211,2026-05-27T16:07:00.000Z,2026-05-27T16:08:00.000Z,2026-05-27,,29941,29962.25,-43.74,
212,2026-05-27T16:31:00.000Z,2026-05-27T16:41:00.000Z,2026-05-27,,29994,30034,78.76,
213,2026-05-27T16:41:00.000Z,2026-05-27T16:49:00.000Z,2026-05-27,,30025.25,30045.5,-41.74,
214,2026-05-27T16:58:00.000Z,2026-05-27T17:01:00.000Z,2026-05-27,,29990.5,29970.25,-41.74,
215,2026-05-27T17:10:00.000Z,2026-05-27T17:11:00.000Z,2026-05-27,,29930,29902.25,-56.74,
216,2026-05-27T17:37:00.000Z,2026-05-27T18:08:00.000Z,2026-05-27,,29981.5,30001.75,-41.74,
217,2026-05-27T18:08:00.000Z,2026-05-27T18:18:00.000Z,2026-05-27,,29994,30014.25,-41.74,
218,2026-05-27T18:18:00.000Z,2026-05-27T18:22:00.000Z,2026-05-27,,30011.75,30032,-41.74,
219,2026-05-27T18:58:00.000Z,2026-05-27T19:27:00.000Z,2026-05-27,,30037,30016.75,-41.74,
220,2026-05-27T19:29:00.000Z,2026-05-27T19:39:00.000Z,2026-05-27,,30027,30067,78.76,
221,2026-05-27T19:50:00.000Z,2026-05-27T20:16:00.000Z,2026-05-27,,30051.5,30091.5,78.76,
222,2026-05-27T20:39:00.000Z,2026-05-27T22:01:00.000Z,2026-05-27,,30111,30131.25,-41.74,
223,2026-05-28T15:47:00.000Z,2026-05-28T15:48:00.000Z,2026-05-28,,30256,30254.25,-4.74,
224,2026-05-28T16:01:00.000Z,2026-05-28T16:02:00.000Z,2026-05-28,,30252,30247.25,-10.74,
225,2026-05-28T16:20:00.000Z,2026-05-28T16:21:00.000Z,2026-05-28,,30302,30297.25,8.26,
226,2026-05-28T16:36:00.000Z,2026-05-28T16:37:00.000Z,2026-05-28,,30280.25,30283,4.26,
227,2026-05-28T17:01:00.000Z,2026-05-28T17:34:00.000Z,2026-05-28,,30327.5,30287.5,78.76,
228,2026-05-28T17:37:00.000Z,2026-05-28T18:48:00.000Z,2026-05-28,,30302.75,30282.5,-41.74,
229,2026-05-28T18:49:00.000Z,2026-05-28T19:38:00.000Z,2026-05-28,,30286.5,30326.5,78.76,
230,2026-05-28T19:50:00.000Z,2026-05-28T19:52:00.000Z,2026-05-28,,30306.25,30286,-41.74,
231,2026-05-28T20:16:00.000Z,2026-05-28T22:00:00.000Z,2026-05-28,,30323.25,30343.5,-41.74,
232,2026-05-29T14:37:00.000Z,2026-05-29T14:40:00.000Z,2026-05-29,,30363.25,30343,-41.74,
233,2026-05-29T15:13:00.000Z,2026-05-29T15:20:00.000Z,2026-05-29,,30422.25,30382.25,78.76,
234,2026-05-29T15:44:00.000Z,2026-05-29T15:46:00.000Z,2026-05-29,,30377.75,30357.5,-41.74,
235,2026-05-29T16:01:00.000Z,2026-05-29T16:06:00.000Z,2026-05-29,,30391.25,30411.5,-41.74,
236,2026-05-29T16:25:00.000Z,2026-05-29T16:31:00.000Z,2026-05-29,,30409,30388.75,-41.74,
237,2026-05-29T16:37:00.000Z,2026-05-29T16:52:00.000Z,2026-05-29,,30432.5,30392.5,78.76,
238,2026-05-29T17:20:00.000Z,2026-05-29T17:23:00.000Z,2026-05-29,,30378,30357.75,-41.74,
239,2026-05-29T17:32:00.000Z,2026-05-29T17:50:00.000Z,2026-05-29,,30356.75,30336.5,-41.74,
240,2026-05-29T18:00:00.000Z,2026-05-29T18:01:00.000Z,2026-05-29,,30304.5,30302.5,-5.24,
241,2026-05-29T18:27:00.000Z,2026-05-29T18:28:00.000Z,2026-05-29,,30376.25,30382,-12.74,
242,2026-05-29T18:48:00.000Z,2026-05-29T18:49:00.000Z,2026-05-29,,30346.5,30347.25,0.26,
243,2026-05-29T19:07:00.000Z,2026-05-29T19:08:00.000Z,2026-05-29,,30363.5,30366.75,-7.74,
244,2026-05-29T19:24:00.000Z,2026-05-29T19:25:00.000Z,2026-05-29,,30367.5,30364.25,5.26,
245,2026-05-29T19:37:00.000Z,2026-05-29T19:38:00.000Z,2026-05-29,,30423.25,30431.25,-17.24,
246,2026-05-29T19:54:00.000Z,2026-05-29T19:55:00.000Z,2026-05-29,,30409.25,30413.5,7.26,
247,2026-05-29T20:15:00.000Z,2026-05-29T20:16:00.000Z,2026-05-29,,30390.25,30392.75,3.76,
248,2026-05-29T20:36:00.000Z,2026-05-29T20:37:00.000Z,2026-05-29,,30388.75,30387,2.26,
249,2026-05-29T20:42:00.000Z,2026-05-29T20:43:00.000Z,2026-05-29,,30380.75,30379.75,-3.24,
250,2026-05-29T20:52:00.000Z,2026-05-29T20:53:00.000Z,2026-05-29,,30391,30390.25,0.26,