trade_num,entry_time,exit_time,entry_date,side,entry_sig,exit_sig,entry_price,exit_price,pnl_usd,pts,win,exit_class,mfe_pts,mae_pts,conf,rsi,rsi_os,rsi_ob,adx,adx_opt,macd,drsi,cloud,vwap,research_bucket
,2026-05-11T10:32:00,2026-05-11T10:35:00,2026-05-11,Long,CR3_WL|c2|r32.2|a20|m-9.35|d-2.42|Ba,WL_Exit,29282.25,29322.25,,40,true,TP_40,39.69,10.56,2,32.2,false,false,20,true,-9.35,-2.42,BULL,above,W_L_2
,2026-05-11T11:15:00,2026-05-11T11:27:00,2026-05-11,Long,CR3_WL|c3|r46.2|a20|m-3|d-0.58|BA,WL_Exit,29378.5,29418.5,,40,true,TP_40,39.69,6.81,3,46.2,false,false,20,true,-3,-0.58,BULL,above,W_L_3+
,2026-05-11T11:42:00,2026-05-11T11:53:00,2026-05-11,Short,CR3_WU|c3|r65.3|a20.3|m3.25|d-0.09|Bb,WS_Exit,29434,29454.25,,-20.25,false,SL_20,23.69,20.56,3,65.3,false,false,20.3,true,3.25,-0.09,BULL,below,W_U_3+
,2026-05-11T12:22:00,2026-05-11T12:39:00,2026-05-11,Long,CR3_WL|c5|r47.3|a21.2|m9.28|d-1.38|BA,WL_Exit,29459.25,29439,,-20.25,false,SL_20,17.94,20.56,5,47.3,false,false,21.2,true,9.28,-1.38,BULL,above,W_L_3+
,2026-05-11T13:05:00,2026-05-11T13:12:00,2026-05-11,Short,CR3_WU|c2|r52.2|a21.1|m9.55|d0.81|Bb,WS_Exit,29425.75,29385.75,,40,true,TP_40,39.69,4.06,2,52.2,false,false,21.1,true,9.55,0.81,BULL,below,W_U_2
,2026-05-11T13:13:00,2026-05-11T13:26:00,2026-05-11,Long,CR3_WL|c5|r38.2|a21.1|m9.55|d-0.61|BA,WL_Exit,29391.75,29431.75,,40,true,TP_40,39.69,15.06,5,38.2,false,false,21.1,true,9.55,-0.61,BULL,above,W_L_3+
,2026-05-11T13:54:00,2026-05-11T14:45:00,2026-05-11,Long,CR3_WL|c5|r49.8|a20.2|m9.11|d-0.82|BA,WL_Exit,29455.25,29435,,-20.25,false,SL_20,19.69,20.56,5,49.8,false,false,20.2,true,9.11,-0.82,BULL,above,W_L_3+
,2026-05-11T14:55:00,2026-05-11T14:57:00,2026-05-11,Long,CR3_WL|c5|r39.6|a19.7|m9.17|d-0.09|BA,WL_Exit,29437.75,29417.5,,-20.25,false,SL_20,6.44,20.56,5,39.6,false,false,19.7,true,9.17,-0.09,BULL,above,W_L_3+
,2026-05-11T15:24:00,2026-05-11T15:29:00,2026-05-11,Long,CR3_WL|c5|r36.9|a18.4|m3.48|d-0.63|BA,ADX_Block,29387,29381.5,,-5.5,false,ADX_Block,6.19,16.06,5,36.9,false,false,18.4,true,3.48,-0.63,BULL,above,W_L_3+
,2026-05-11T15:38:00,2026-05-11T15:39:00,2026-05-11,Long,CR3_WL|c3|r45.9|a17.3|m-0.99|d0.36|BA,ADX_Block,29387.75,29389.75,,2,true,ADX_Block,5.19,6.06,3,45.9,false,false,17.3,false,-0.99,0.36,BULL,above,W_L_3+
,2026-05-11T15:53:00,2026-05-11T15:54:00,2026-05-11,Short,CR3_WU|c1|r53.9|a17.3|m-0.99|d0.87|Bb,ADX_Block,29405.75,29419.25,,-13.5,false,ADX_Block,4.44,22.06,1,53.9,false,false,17.3,false,-0.99,0.87,BULL,below,W_U_1
,2026-05-11T16:09:00,2026-05-11T16:10:00,2026-05-11,Long,CR3_WL|c2|r46.7|a16.3|m-1.03|d-0.85|BA,ADX_Block,29401,29404.25,,3.25,true,ADX_Block,4.19,1.31,2,46.7,false,false,16.3,false,-1.03,-0.85,BULL,above,W_L_2
,2026-05-11T16:52:00,2026-05-11T16:53:00,2026-05-11,Long,CR3_WL|c2|r46.5|a16.3|m-3.25|d-0.37|BA,ADX_Block,29396,29402.25,,6.25,true,ADX_Block,6.19,1.81,2,46.5,false,false,16.3,false,-3.25,-0.37,BULL,above,W_L_2
,2026-05-12T10:33:00,2026-05-12T10:34:00,2026-05-12,Long,CR3_WL|c2|r21.9|a48.3|m-6|d-2.24|RaO,ADX_Block,29019.75,29042.75,,23,true,ADX_Block,28.44,9.06,2,21.9,true,false,48.3,false,-6,-2.24,BEAR,above,W_L_OS
,2026-05-12T11:05:00,2026-05-12T11:06:00,2026-05-12,Long,CR3_WL|c1|r31.9|a49.3|m-12.55|d-0.89|Ra,ADX_Block,28981.5,29009,,27.5,true,ADX_Block,34.69,6.31,1,31.9,false,false,49.3,false,-12.55,-0.89,BEAR,above,W_L_1
,2026-05-12T11:19:00,2026-05-12T11:20:00,2026-05-12,Long,CR3_WL|c1|r34.2|a49.3|m-12.55|d-0.93|Ra,ADX_Block,28937.5,28935,,-2.5,false,ADX_Block,8.94,15.06,1,34.2,false,false,49.3,false,-12.55,-0.93,BEAR,above,W_L_1
,2026-05-12T11:39:00,2026-05-12T11:40:00,2026-05-12,Short,CR3_WU|c4|r52.7|a50.9|m-24.38|d1.48|RB,ADX_Block,28931,28931,,0,false,ADX_Block,4.69,9.81,4,52.7,false,false,50.9,false,-24.38,1.48,BEAR,below,W_U_3+
,2026-05-12T11:51:00,2026-05-12T11:52:00,2026-05-12,Long,CR3_WL|c1|r43.8|a50.9|m-24.38|d-0.38|Ra,ADX_Block,28905.75,28887.75,,-18,false,ADX_Block,5.19,19.56,1,43.8,false,false,50.9,false,-24.38,-0.38,BEAR,above,W_L_1
,2026-05-12T12:14:00,2026-05-12T12:15:00,2026-05-12,Short,CR3_WU|c4|r60.3|a52.5|m-32.31|d0.54|RB,ADX_Block,28909.25,28889.75,,19.5,true,ADX_Block,25.94,2.81,4,60.3,false,false,52.5,false,-32.31,0.54,BEAR,below,W_U_3+
,2026-05-12T12:22:00,2026-05-12T12:23:00,2026-05-12,Long,CR3_WL|c1|r39.8|a52.5|m-32.31|d-0.17|Ra,ADX_Block,28852.5,28844.5,,-8,false,ADX_Block,1.44,10.31,1,39.8,false,false,52.5,false,-32.31,-0.17,BEAR,above,W_L_1
,2026-05-12T12:32:00,2026-05-12T12:33:00,2026-05-12,Long,CR3_WL|c1|r32|a54|m-35.08|d-0.47|Ra,ADX_Block,28811.5,28801,,-10.5,false,ADX_Block,0.44,11.81,1,32,false,false,54,false,-35.08,-0.47,BEAR,above,W_L_1
,2026-05-12T12:43:00,2026-05-12T12:44:00,2026-05-12,Long,CR3_WL|c1|r34.3|a54|m-35.08|d-0.06|Ra,ADX_Block,28782.5,28790.5,,8,true,ADX_Block,14.44,2.31,1,34.3,false,false,54,false,-35.08,-0.06,BEAR,above,W_L_1
,2026-05-12T13:08:00,2026-05-12T13:09:00,2026-05-12,Short,CR3_WU|c4|r58.8|a55.7|m-40.16|d1.91|RB,ADX_Block,28815.5,28813.75,,1.75,true,ADX_Block,10.19,5.06,4,58.8,false,false,55.7,false,-40.16,1.91,BEAR,below,W_U_3+
,2026-05-12T13:20:00,2026-05-12T13:21:00,2026-05-12,Short,CR3_WU|c5|r75.6|a55.7|m-40.16|d0.97|RBO,ADX_Block,28885.25,28896.75,,-11.5,false,ADX_Block,1.44,14.56,5,75.6,false,true,55.7,false,-40.16,0.97,BEAR,below,W_U_OB
,2026-05-12T13:34:00,2026-05-12T13:35:00,2026-05-12,Short,CR3_WU|c5|r68.8|a55.4|m-31.63|d-0.65|RB,ADX_Block,28921.25,28894,,27.25,true,ADX_Block,30.44,2.31,5,68.8,false,false,55.4,false,-31.63,-0.65,BEAR,below,W_U_3+
,2026-05-12T13:49:00,2026-05-12T13:50:00,2026-05-12,Long,CR3_WL|c1|r52.9|a55.4|m-31.63|d-0.28|Ra,ADX_Block,28894.25,28884.25,,-10,false,ADX_Block,3.19,12.56,1,52.9,false,false,55.4,false,-31.63,-0.28,BEAR,above,W_L_1
,2026-05-12T13:55:00,2026-05-12T13:56:00,2026-05-12,Short,CR3_WU|c5|r53.6|a55.4|m-31.63|d-0.06|RB,ADX_Block,28901,28907.5,,-6.5,false,ADX_Block,4.44,12.06,5,53.6,false,false,55.4,false,-31.63,-0.06,BEAR,below,W_U_3+
,2026-05-12T14:14:00,2026-05-12T14:15:00,2026-05-12,Short,CR3_WU|c5|r63.5|a55.2|m-21.8|d-0.4|RB,ADX_Block,28946.25,28959.75,,-13.5,false,ADX_Block,0.94,16.31,5,63.5,false,false,55.2,false,-21.8,-0.4,BEAR,below,W_U_3+
,2026-05-12T14:47:00,2026-05-12T14:48:00,2026-05-12,Long,CR3_WL|c1|r44.3|a53.6|m-9.15|d-1.26|Ra,ADX_Block,28962.5,28971.25,,8.75,true,ADX_Block,12.94,4.06,1,44.3,false,false,53.6,false,-9.15,-1.26,BEAR,above,W_L_1
,2026-05-12T14:59:00,2026-05-12T15:00:00,2026-05-12,Long,CR3_WL|c1|r41.2|a52.1|m-2.07|d0.26|Ra,ADX_Block,28956.5,28974.5,,18,true,ADX_Block,21.69,0.81,1,41.2,false,false,52.1,false,-2.07,0.26,BEAR,above,W_L_1
,2026-05-12T15:07:00,2026-05-12T15:08:00,2026-05-12,Short,CR3_WU|c4|r59.4|a52.1|m-2.07|d-0.17|RB,ADX_Block,29000.5,28995.75,,4.75,true,ADX_Block,11.69,5.56,4,59.4,false,false,52.1,false,-2.07,-0.17,BEAR,below,W_U_3+
,2026-05-12T15:35:00,2026-05-12T15:36:00,2026-05-12,Short,CR3_WU|c2|r71.1|a49.7|m9.14|d1.19|RbO,ADX_Block,29095,29096,,-1,false,ADX_Block,7.44,4.06,2,71.1,false,true,49.7,false,9.14,1.19,BEAR,below,W_U_OB
,2026-05-12T15:54:00,2026-05-12T15:55:00,2026-05-12,Short,CR3_WU|c1|r66.2|a49.7|m9.14|d0.22|Rb,ADX_Block,29159.25,29160.25,,-1,false,ADX_Block,2.94,15.81,1,66.2,false,false,49.7,false,9.14,0.22,BEAR,below,W_U_1
,2026-05-12T16:33:00,2026-05-12T18:01:00,2026-05-12,Long,CR3_WL|c2|r44.4|a43.4|m30.65|d-0.18|RA,WL_Exit,29113.75,29153.75,,40,true,TP_40,39.69,6.81,2,44.4,false,false,43.4,false,30.65,-0.18,BEAR,above,W_L_2
,2026-05-13T10:52:00,2026-05-13T10:54:00,2026-05-13,Short,CR3_WU|c2|r65.4|a34|m-27.41|d0.35|Nb,WS_Exit,29291,29311.25,,-20.25,false,SL_20,1.94,20.56,2,65.4,false,false,34,true,-27.41,0.35,NEU,below,W_U_2
,2026-05-13T11:13:00,2026-05-13T11:25:00,2026-05-13,Long,CR3_WL|c2|r52.8|a33.4|m-21.24|d-1.05|NA,WL_Exit,29313.5,29293.25,,-20.25,false,SL_20,28.19,20.56,2,52.8,false,false,33.4,true,-21.24,-1.05,NEU,above,W_L_2
,2026-05-13T11:41:00,2026-05-13T11:43:00,2026-05-13,Short,CR3_WU|c2|r61.9|a32.5|m-16.94|d0.65|Nb,WS_Exit,29352.5,29372.75,,-20.25,false,SL_20,0.94,20.56,2,61.9,false,false,32.5,true,-16.94,0.65,NEU,below,W_U_2
,2026-05-13T11:58:00,2026-05-13T12:03:00,2026-05-13,Long,CR3_WL|c2|r42.1|a32.5|m-16.94|d-1.27|NA,WL_Exit,29312.75,29352.75,,40,true,TP_40,39.69,13.56,2,42.1,false,false,32.5,true,-16.94,-1.27,NEU,above,W_L_2
,2026-05-13T12:23:00,2026-05-13T12:24:00,2026-05-13,Short,CR3_WU|c2|r66.7|a30.9|m-13.72|d0.03|Nb,WS_Exit,29403,29430.5,,-27.5,false,Other,0,38.06,2,66.7,false,false,30.9,true,-13.72,0.03,NEU,below,W_U_2
,2026-05-13T12:47:00,2026-05-13T13:01:00,2026-05-13,Long,CR3_WL|c2|r54.6|a28.9|m-3.11|d-0.7|NA,WL_Exit,29433.75,29473.75,,40,true,TP_40,39.69,18.81,2,54.6,false,false,28.9,true,-3.11,-0.7,NEU,above,W_L_2
,2026-05-13T13:23:00,2026-05-13T13:59:00,2026-05-13,Long,CR3_WL|c5|r49.7|a27.2|m4.15|d-0.54|BA,WL_Exit,29474.5,29454.25,,-20.25,false,SL_20,18.44,20.56,5,49.7,false,false,27.2,true,4.15,-0.54,BULL,above,W_L_3+
,2026-05-13T14:01:00,2026-05-13T14:10:00,2026-05-13,Long,CR3_WL|c5|r38.7|a25|m11.34|d-1.24|BA,WL_Exit,29456,29496,,40,true,TP_40,39.69,2.31,5,38.7,false,false,25,true,11.34,-1.24,BULL,above,W_L_3+
,2026-05-13T14:20:00,2026-05-13T14:38:00,2026-05-13,Short,CR3_WU|c3|r77.9|a25|m11.34|d1.49|BbO,WS_Exit,29554,29514,,40,true,TP_40,39.69,10.56,3,77.9,false,true,25,true,11.34,1.49,BULL,below,W_U_OB
,2026-05-13T14:39:00,2026-05-13T14:47:00,2026-05-13,Long,CR3_WL|c5|r46.6|a24.8|m17.61|d-1.61|BA,WL_Exit,29527,29506.75,,-20.25,false,SL_20,8.19,20.56,5,46.6,false,false,24.8,true,17.61,-1.61,BULL,above,W_L_3+
,2026-05-13T14:51:00,2026-05-13T14:58:00,2026-05-13,Long,CR3_WL|c5|r37|a24.8|m17.61|d-0.7|BA,WL_Exit,29503.75,29483.5,,-20.25,false,SL_20,8.19,20.56,5,37,false,false,24.8,true,17.61,-0.7,BULL,above,W_L_3+
,2026-05-13T15:06:00,2026-05-13T15:14:00,2026-05-13,Long,CR3_WL|c5|r38.6|a24.7|m15.3|d-0.1|BA,WL_Exit,29486,29526,,40,true,TP_40,39.69,1.06,5,38.6,false,false,24.7,true,15.3,-0.1,BULL,above,W_L_3+
,2026-05-13T15:40:00,2026-05-13T15:50:00,2026-05-13,Short,CR3_WU|c2|r60|a24.6|m16.13|d0.1|Bb,WS_Exit,29532.25,29492.25,,40,true,TP_40,39.69,7.81,2,60,false,false,24.6,true,16.13,0.1,BULL,below,W_U_2
,2026-05-13T15:53:00,2026-05-13T16:04:00,2026-05-13,Long,CR3_WL|c6|r27.9|a24.6|m16.13|d-1.98|BAO,WL_Exit,29472.5,29452.25,,-20.25,false,SL_20,15.94,23.31,6,27.9,true,false,24.6,true,16.13,-1.98,BULL,above,W_L_OS
,2026-05-13T16:11:00,2026-05-13T16:31:00,2026-05-13,Short,CR3_WU|c2|r59.9|a24.1|m12.18|d1.48|Bb,WS_Exit,29508.75,29529,,-20.25,false,SL_20,3.19,20.56,2,59.9,false,false,24.1,true,12.18,1.48,BULL,below,W_U_2
,2026-05-13T16:36:00,2026-05-13T18:05:00,2026-05-13,Short,CR3_WU|c2|r68.6|a23.5|m11.38|d0.85|Bb,WS_Exit,29539,29559.25,,-20.25,false,SL_20,10.69,20.56,2,68.6,false,false,23.5,true,11.38,0.85,BULL,below,W_U_2
,2026-05-14T10:38:00,2026-05-14T10:39:00,2026-05-14,Short,CR3_WU|c1|r65.9|a15.7|m-3.03|d0.74|Nb,ADX_Block,29668.5,29677.75,,-9.25,false,ADX_Block,0,11.06,1,65.9,false,false,15.7,false,-3.03,0.74,NEU,below,W_U_1
,2026-05-14T10:59:00,2026-05-14T11:00:00,2026-05-14,Long,CR3_WL|c2|r47|a16.8|m5.4|d-1.09|NA,ADX_Block,29674.75,29675,,0.25,false,ADX_Block,8.94,10.06,2,47,false,false,16.8,false,5.4,-1.09,NEU,above,W_L_2
,2026-05-14T11:38:00,2026-05-14T12:05:00,2026-05-14,Long,CR3_WL|c3|r45.2|a18.2|m15.56|d-1.32|NA,WL_Exit,29734.75,29774.75,,40,true,TP_40,39.69,7.31,3,45.2,false,false,18.2,true,15.56,-1.32,NEU,above,W_L_3+
,2026-05-14T12:06:00,2026-05-14T12:29:00,2026-05-14,Short,CR3_WU|c2|r55.5|a19.5|m20.99|d0.23|Bb,WS_Exit,29764.75,29724.75,,40,true,TP_40,39.69,19.31,2,55.5,false,false,19.5,true,20.99,0.23,BULL,below,W_U_2
,2026-05-14T12:45:00,2026-05-14T12:56:00,2026-05-14,Long,CR3_WL|c6|r40.8|a20.9|m21.34|d0.74|BA,WL_Exit,29715.25,29695,,-20.25,false,SL_20,23.69,20.56,6,40.8,false,false,20.9,true,21.34,0.74,BULL,above,W_L_3+
,2026-05-14T12:56:00,2026-05-14T13:08:00,2026-05-14,Long,CR3_WL|c6|r43.9|a20.9|m21.34|d0.06|BA,WL_Exit,29716.5,29696.25,,-20.25,false,SL_20,38.69,20.56,6,43.9,false,false,20.9,true,21.34,0.06,BULL,above,W_L_3+
,2026-05-14T13:17:00,2026-05-14T13:19:00,2026-05-14,Long,CR3_WL|c6|r24.8|a21.6|m20.3|d-1.71|BAO,WL_Exit,29632.5,29612.25,,-20.25,false,SL_20,1.19,21.56,6,24.8,true,false,21.6,true,20.3,-1.71,BULL,above,W_L_OS
,2026-05-14T13:33:00,2026-05-14T13:35:00,2026-05-14,Short,CR3_WU|c2|r47.1|a20.5|m13.26|d1.09|Bb,WS_Exit,29650.75,29671,,-20.25,false,SL_20,4.44,20.56,2,47.1,false,false,20.5,true,13.26,1.09,BULL,below,W_U_2
,2026-05-14T13:46:00,2026-05-14T13:51:00,2026-05-14,Short,CR3_WU|c2|r67.2|a20.5|m13.26|d1.03|Bb,WS_Exit,29716.25,29736.5,,-20.25,false,SL_20,5.19,20.56,2,67.2,false,false,20.5,true,13.26,1.03,BULL,below,W_U_2
,2026-05-14T14:05:00,2026-05-14T14:15:00,2026-05-14,Long,CR3_WL|c5|r37.2|a19.5|m13.2|d-2.43|BA,WL_Exit,29664.25,29704.25,,40,true,TP_40,39.69,19.81,5,37.2,false,false,19.5,true,13.2,-2.43,BULL,above,W_L_3+
,2026-05-14T14:41:00,2026-05-14T14:56:00,2026-05-14,Long,CR3_WL|c4|r46.6|a18.5|m8.49|d-0.11|BA,WL_Exit,29674.75,29714.75,,40,true,TP_40,39.69,19.56,4,46.6,false,false,18.5,true,8.49,-0.11,BULL,above,W_L_3+
,2026-05-14T15:14:00,2026-05-14T15:15:00,2026-05-14,Long,CR3_WL|c3|r48.4|a17.6|m7.01|d-0.65|BA,ADX_Block,29706.25,29708.75,,2.5,true,ADX_Block,6.69,5.31,3,48.4,false,false,17.6,false,7.01,-0.65,BULL,above,W_L_3+
,2026-05-14T15:29:00,2026-05-14T15:30:00,2026-05-14,Long,CR3_WL|c3|r40.6|a17|m4.78|d-0.51|BA,ADX_Block,29699.5,29712.5,,13,true,ADX_Block,13.44,3.56,3,40.6,false,false,17,false,4.78,-0.51,BULL,above,W_L_3+
,2026-05-14T15:52:00,2026-05-14T15:53:00,2026-05-14,Long,CR3_WL|c3|r41.8|a17|m4.78|d-0.9|BA,ADX_Block,29699.25,29710.5,,11.25,true,ADX_Block,12.19,1.31,3,41.8,false,false,17,false,4.78,-0.9,BULL,above,W_L_3+
,2026-05-14T16:16:00,2026-05-14T16:17:00,2026-05-14,Long,CR3_WL|c3|r38.6|a16.2|m1.98|d-0.75|BA,ADX_Block,29688.5,29698,,9.5,true,ADX_Block,10.44,2.31,3,38.6,false,false,16.2,false,1.98,-0.75,BULL,above,W_L_3+
,2026-05-14T16:41:00,2026-05-14T16:42:00,2026-05-14,Long,CR3_WL|c2|r39.5|a15.3|m-0.54|d-0.67|BA,ADX_Block,29661.75,29666.25,,4.5,true,ADX_Block,6.19,4.06,2,39.5,false,false,15.3,false,-0.54,-0.67,BULL,above,W_L_2
,2026-05-14T16:58:00,2026-05-14T16:59:00,2026-05-14,Short,CR3_WU|c1|r56.6|a15.3|m-0.54|d0.67|Bb,ADX_Block,29679.5,29689.25,,-9.75,false,ADX_Block,1.44,10.06,1,56.6,false,false,15.3,false,-0.54,0.67,BULL,below,W_U_1
,2026-05-15T10:48:00,2026-05-15T10:50:00,2026-05-15,Long,CR3_WL|c1|r44.3|a35|m4.27|d-0.66|Ra,WL_Exit,29294,29273.75,,-20.25,false,SL_20,5.44,20.56,1,44.3,false,false,35,true,4.27,-0.66,BEAR,above,W_L_1
,2026-05-15T11:06:00,2026-05-15T11:09:00,2026-05-15,Long,CR3_WL|c2|r38.3|a33.6|m9.16|d-0.52|Ra,WL_Exit,29255.25,29295.25,,40,true,TP_40,39.69,15.56,2,38.3,false,false,33.6,true,9.16,-0.52,BEAR,above,W_L_2
,2026-05-15T11:22:00,2026-05-15T11:25:00,2026-05-15,Short,CR3_WU|c2|r63.2|a33.6|m9.16|d0.51|Rb,WS_Exit,29346.75,29306.75,,40,true,TP_40,39.69,8.81,2,63.2,false,false,33.6,true,9.16,0.51,BEAR,below,W_U_2
,2026-05-15T11:32:00,2026-05-15T11:40:00,2026-05-15,Short,CR3_WU|c2|r63.2|a32.4|m15.87|d0.07|Rb,WS_Exit,29366,29326,,40,true,TP_40,39.69,14.56,2,63.2,false,false,32.4,true,15.87,0.07,BEAR,below,W_U_2
,2026-05-15T11:43:00,2026-05-15T11:44:00,2026-05-15,Long,CR3_WL|c2|r42.6|a32.4|m15.87|d-0.72|Ra,WL_Exit,29309,29284.5,,-24.5,false,Other,1.94,40.06,2,42.6,false,false,32.4,true,15.87,-0.72,BEAR,above,W_L_2
,2026-05-15T11:55:00,2026-05-15T11:59:00,2026-05-15,Long,CR3_WL|c2|r35.5|a32.4|m15.87|d-0.73|Ra,WL_Exit,29246,29286,,40,true,TP_40,39.69,12.56,2,35.5,false,false,32.4,true,15.87,-0.73,BEAR,above,W_L_2
,2026-05-15T12:03:00,2026-05-15T12:08:00,2026-05-15,Short,CR3_WU|c3|r47.8|a31.5|m16.63|d1.1|RB,WS_Exit,29278.25,29298.5,,-20.25,false,SL_20,17.44,20.56,3,47.8,false,false,31.5,true,16.63,1.1,BEAR,below,W_U_3+
,2026-05-15T12:17:00,2026-05-15T12:22:00,2026-05-15,Long,CR3_WL|c2|r46.8|a31.5|m16.63|d-0.09|Ra,WL_Exit,29270,29310,,40,true,TP_40,39.69,6.81,2,46.8,false,false,31.5,true,16.63,-0.09,BEAR,above,W_L_2
,2026-05-15T12:44:00,2026-05-15T12:53:00,2026-05-15,Short,CR3_WU|c3|r62.1|a30.7|m20.2|d-0.37|Rb,WS_Exit,29345.5,29305.5,,40,true,TP_40,39.69,7.06,3,62.1,false,false,30.7,true,20.2,-0.37,BEAR,below,W_U_3+
,2026-05-15T12:55:00,2026-05-15T13:06:00,2026-05-15,Long,CR3_WL|c2|r45.9|a30.7|m20.2|d-0.98|Ra,WL_Exit,29310.75,29350.75,,40,true,TP_40,39.69,6.81,2,45.9,false,false,30.7,true,20.2,-0.98,BEAR,above,W_L_2
,2026-05-15T13:06:00,2026-05-15T13:20:00,2026-05-15,Short,CR3_WU|c2|r59.5|a29.7|m21.36|d0.75|Rb,WS_Exit,29349.75,29370,,-20.25,false,SL_20,9.44,20.56,2,59.5,false,false,29.7,true,21.36,0.75,BEAR,below,W_U_2
,2026-05-15T13:21:00,2026-05-15T13:23:00,2026-05-15,Short,CR3_WU|c2|r63.4|a29.7|m21.36|d0.08|Rb,WS_Exit,29374,29394.25,,-20.25,false,SL_20,7.19,20.56,2,63.4,false,false,29.7,true,21.36,0.08,BEAR,below,W_U_2
,2026-05-15T13:57:00,2026-05-15T13:59:00,2026-05-15,Short,CR3_WU|c2|r53.8|a27.7|m27.66|d0.17|Rb,WS_Exit,29429.75,29450,,-20.25,false,SL_20,0,20.56,2,53.8,false,false,27.7,true,27.66,0.17,BEAR,below,W_U_2
,2026-05-15T14:07:00,2026-05-15T14:18:00,2026-05-15,Short,CR3_WU|c2|r73.7|a25.9|m32.61|d0.7|NbO,WS_Exit,29478.5,29438.5,,40,true,TP_40,39.69,8.81,2,73.7,false,true,25.9,true,32.61,0.7,NEU,below,W_U_OB
,2026-05-15T14:20:00,2026-05-15T14:27:00,2026-05-15,Long,CR3_WL|c3|r36.2|a25.9|m32.61|d-2.43|NA,WL_Exit,29411.5,29391.25,,-20.25,false,SL_20,29.94,20.56,3,36.2,false,false,25.9,true,32.61,-2.43,NEU,above,W_L_3+
,2026-05-15T14:32:00,2026-05-15T14:34:00,2026-05-15,Long,CR3_WL|c4|r29|a24.8|m30.4|d-0.86|NAO,WL_Exit,29346,29325.75,,-20.25,false,SL_20,0.94,20.56,4,29,true,false,24.8,true,30.4,-0.86,NEU,above,W_L_OS
,2026-05-15T14:56:00,2026-05-15T15:06:00,2026-05-15,Short,CR3_WU|c1|r52.7|a24.8|m30.4|d0.79|Nb,WS_Exit,29388,29348,,40,true,TP_40,39.69,11.06,1,52.7,false,false,24.8,true,30.4,0.79,NEU,below,W_U_1
,2026-05-15T15:18:00,2026-05-15T15:24:00,2026-05-15,Long,CR3_WL|c2|r33|a23.1|m28.14|d-0.53|Na,WL_Exit,29308.5,29288.25,,-20.25,false,SL_20,12.94,20.56,2,33,false,false,23.1,true,28.14,-0.53,NEU,above,W_L_2
,2026-05-15T15:28:00,2026-05-15T15:40:00,2026-05-15,Long,CR3_WL|c3|r36.4|a23.1|m28.14|d0.12|Na,WL_Exit,29293.5,29333.5,,40,true,TP_40,39.69,7.56,3,36.4,false,false,23.1,true,28.14,0.12,NEU,above,W_L_3+
,2026-05-15T15:46:00,2026-05-15T15:50:00,2026-05-15,Long,CR3_WL|c2|r37.2|a22|m19.23|d-0.42|Na,WL_Exit,29286.25,29266,,-20.25,false,SL_20,20.44,20.56,2,37.2,false,false,22,true,19.23,-0.42,NEU,above,W_L_2
,2026-05-15T15:56:00,2026-05-15T16:00:00,2026-05-15,Long,CR3_WL|c2|r31.2|a22|m19.23|d-0.81|Na,WL_Exit,29229.5,29209.25,,-20.25,false,SL_20,19.44,20.56,2,31.2,false,false,22,true,19.23,-0.81,NEU,above,W_L_2
,2026-05-15T16:48:00,2026-05-15T16:59:00,2026-05-15,Short,CR3_WU|c3|r52.5|a22.6|m-0.97|d0.09|NB,WS_Exit,29175.5,29195.75,,-20.25,false,SL_20,15.19,20.56,3,52.5,false,false,22.6,true,-0.97,0.09,NEU,below,W_U_3+
,2026-05-15T16:59:00,2026-05-17T18:00:00,2026-05-15,Short,CR3_WU|c5|r49.8|a23.2|m-7.18|d0.14|RB,WS_Exit,29172.5,29198.75,,-26.25,false,Other,60.19,50.31,5,49.8,false,false,23.2,true,-7.18,0.14,BEAR,below,W_U_3+
,2026-05-18T10:36:00,2026-05-18T10:37:00,2026-05-18,Long,CR3_WL|c3|r23|a18.3|m13.32|d-1.72|NaO,WL_Exit,29003.75,29051.75,,48,true,Other,50.69,7.31,3,23,true,false,18.3,true,13.32,-1.72,NEU,above,W_L_OS
,2026-05-18T11:01:00,2026-05-18T11:09:00,2026-05-18,Short,CR3_WU|c2|r48.9|a18.2|m1.17|d0.71|NB,WS_Exit,29078,29038,,40,true,TP_40,42.19,15.31,2,48.9,false,false,18.2,true,1.17,0.71,NEU,below,W_U_2
,2026-05-18T11:10:00,2026-05-18T11:12:00,2026-05-18,Long,CR3_WL|c2|r45.3|a18.2|m1.17|d-0.36|Na,WL_Exit,29047.75,29087.75,,40,true,TP_40,39.69,1.06,2,45.3,false,false,18.2,true,1.17,-0.36,NEU,above,W_L_2
,2026-05-18T11:21:00,2026-05-18T11:23:00,2026-05-18,Long,CR3_WL|c2|r39.9|a18.2|m1.17|d-0.41|Na,WL_Exit,29014.75,28994.5,,-20.25,false,SL_20,4.19,20.56,2,39.9,false,false,18.2,true,1.17,-0.41,NEU,above,W_L_2
,2026-05-18T11:31:00,2026-05-18T11:34:00,2026-05-18,Long,CR3_WL|c1|r36.9|a18.2|m-14.35|d-0.09|Na,WL_Exit,28967.25,29007.25,,40,true,TP_40,39.69,4.31,1,36.9,false,false,18.2,true,-14.35,-0.09,NEU,above,W_L_1
,2026-05-18T11:38:00,2026-05-18T11:44:00,2026-05-18,Short,CR3_WU|c3|r55|a18.2|m-14.35|d0.69|NB,WS_Exit,29043.5,29003.5,,40,true,TP_40,39.69,18.06,3,55,false,false,18.2,true,-14.35,0.69,NEU,below,W_U_3+
,2026-05-18T12:01:00,2026-05-18T12:10:00,2026-05-18,Long,CR3_WL|c1|r40.2|a18.4|m-21.13|d-0.1|Na,WL_Exit,28973.5,29013.5,,40,true,TP_40,39.69,14.56,1,40.2,false,false,18.4,true,-21.13,-0.1,NEU,above,W_L_1
,2026-05-18T12:20:00,2026-05-18T12:23:00,2026-05-18,Short,CR3_WU|c3|r65.9|a18.4|m-21.13|d0.76|NB,WS_Exit,29054.75,29014.75,,40,true,TP_40,39.69,19.56,3,65.9,false,false,18.4,true,-21.13,0.76,NEU,below,W_U_3+
,2026-05-18T12:31:00,2026-05-18T12:33:00,2026-05-18,Long,CR3_WL|c2|r34.5|a19.1|m-31.78|d-2.31|Ra,WL_Exit,28884.75,28924.75,,40,true,TP_40,39.69,4.31,2,34.5,false,false,19.1,true,-31.78,-2.31,BEAR,above,W_L_2
,2026-05-18T13:21:00,2026-05-18T13:23:00,2026-05-18,Long,CR3_WL|c2|r45.4|a19.9|m-28.65|d-0.52|Ra,WL_Exit,28987,28966.75,,-20.25,false,SL_20,3.94,20.56,2,45.4,false,false,19.9,true,-28.65,-0.52,BEAR,above,W_L_2
,2026-05-18T13:38:00,2026-05-18T13:43:00,2026-05-18,Long,CR3_WL|c2|r43.5|a20.7|m-24.81|d-0.24|Ra,WL_Exit,28974.25,29014.25,,40,true,TP_40,39.69,6.56,2,43.5,false,false,20.7,true,-24.81,-0.24,BEAR,above,W_L_2
,2026-05-18T13:44:00,2026-05-18T14:02:00,2026-05-18,Short,CR3_WU|c5|r56.6|a20.7|m-24.81|d0.38|RB,WS_Exit,29011,28971,,40,true,TP_40,39.69,12.31,5,56.6,false,false,20.7,true,-24.81,0.38,BEAR,below,W_U_3+
,2026-05-18T14:07:00,2026-05-18T14:10:00,2026-05-18,Long,CR3_WL|c2|r39.1|a21.4|m-20.71|d-1.24|Ra,WL_Exit,28949,28928.75,,-20.25,false,SL_20,3.19,20.56,2,39.1,false,false,21.4,true,-20.71,-1.24,BEAR,above,W_L_2
,2026-05-18T14:17:00,2026-05-18T14:19:00,2026-05-18,Long,CR3_WL|c3|r23.7|a21.4|m-20.71|d-0.83|RaO,WL_Exit,28880.75,28860.5,,-20.25,false,SL_20,0.94,20.56,3,23.7,true,false,21.4,true,-20.71,-0.83,BEAR,above,W_L_OS
,2026-05-18T14:51:00,2026-05-18T15:00:00,2026-05-18,Long,CR3_WL|c2|r33.9|a22.9|m-24.56|d-0.1|Ra,WL_Exit,28835,28875,,40,true,TP_40,39.69,18.81,2,33.9,false,false,22.9,true,-24.56,-0.1,BEAR,above,W_L_2
,2026-05-18T15:03:00,2026-05-18T15:06:00,2026-05-18,Short,CR3_WU|c5|r68.5|a24.5|m-28.59|d2.72|RB,WS_Exit,28999.5,28959.5,,40,true,TP_40,39.69,20.81,5,68.5,false,false,24.5,true,-28.59,2.72,BEAR,below,W_U_3+
,2026-05-18T15:24:00,2026-05-18T15:31:00,2026-05-18,Long,CR3_WL|c2|r44.8|a24.5|m-28.59|d-0.8|Ra,WL_Exit,28915,28955,,40,true,TP_40,39.69,34.81,2,44.8,false,false,24.5,true,-28.59,-0.8,BEAR,above,W_L_2
,2026-05-18T15:37:00,2026-05-18T15:39:00,2026-05-18,Short,CR3_WU|c5|r64.5|a23.9|m-24.14|d1.27|RB,WS_Exit,28986.5,29006.75,,-20.25,false,SL_20,1.69,20.56,5,64.5,false,false,23.9,true,-24.14,1.27,BEAR,below,W_U_3+
,2026-05-18T16:24:00,2026-05-18T18:00:00,2026-05-18,Short,CR3_WU|c5|r58.8|a22.9|m-8.44|d-0.18|Rb,WS_Exit,29089,29109.25,,-20.25,false,SL_20,17.44,20.56,5,58.8,false,false,22.9,true,-8.44,-0.18,BEAR,below,W_U_3+
,2026-05-19T10:41:00,2026-05-19T10:44:00,2026-05-19,Short,CR3_WU|c5|r56.6|a26.2|m-12.69|d0.72|RB,WS_Exit,28781.5,28741.5,,40,true,TP_40,39.69,20.06,5,56.6,false,false,26.2,true,-12.69,0.72,BEAR,below,W_U_3+
,2026-05-19T10:47:00,2026-05-19T10:51:00,2026-05-19,Long,CR3_WL|c2|r37.3|a26.2|m-12.69|d-0.06|Ra,WL_Exit,28690.5,28730.5,,40,true,TP_40,39.69,15.81,2,37.3,false,false,26.2,true,-12.69,-0.06,BEAR,above,W_L_2
,2026-05-19T10:57:00,2026-05-19T11:01:00,2026-05-19,Short,CR3_WU|c5|r63.6|a26.2|m-12.69|d0.9|RB,WS_Exit,28795.5,28815.75,,-20.25,false,SL_20,15.44,20.56,5,63.6,false,false,26.2,true,-12.69,0.9,BEAR,below,W_U_3+
,2026-05-19T11:15:00,2026-05-19T11:19:00,2026-05-19,Short,CR3_WU|c5|r63.3|a26.3|m-12.27|d0.09|RB,WS_Exit,28842,28802,,40,true,TP_40,39.69,17.81,5,63.3,false,false,26.3,true,-12.27,0.09,BEAR,below,W_U_3+
,2026-05-19T11:24:00,2026-05-19T11:27:00,2026-05-19,Long,CR3_WL|c2|r38.9|a26.3|m-12.27|d-0.98|Ra,WL_Exit,28746.5,28786.5,,40,true,TP_40,39.69,19.81,2,38.9,false,false,26.3,true,-12.27,-0.98,BEAR,above,W_L_2
,2026-05-19T11:37:00,2026-05-19T11:42:00,2026-05-19,Short,CR3_WU|c5|r59.7|a25.7|m-13.1|d0.75|RB,WS_Exit,28839.5,28859.75,,-20.25,false,SL_20,13.44,20.56,5,59.7,false,false,25.7,true,-13.1,0.75,BEAR,below,W_U_3+
,2026-05-19T11:54:00,2026-05-19T11:55:00,2026-05-19,Long,CR3_WL|c2|r47.7|a25.7|m-13.1|d-0.52|Ra,WL_Exit,28821.5,28792,,-29.5,false,Other,0,34.56,2,47.7,false,false,25.7,true,-13.1,-0.52,BEAR,above,W_L_2
,2026-05-19T12:02:00,2026-05-19T12:06:00,2026-05-19,Short,CR3_WU|c6|r60.5|a24.9|m-9.62|d-0.06|RB,WS_Exit,28869.25,28829.25,,40,true,TP_40,39.69,12.06,6,60.5,false,false,24.9,true,-9.62,-0.06,BEAR,below,W_U_3+
,2026-05-19T12:26:00,2026-05-19T12:28:00,2026-05-19,Short,CR3_WU|c4|r64.6|a24.9|m-9.62|d0.95|Rb,WS_Exit,28900.75,28921,,-20.25,false,SL_20,4.94,20.56,4,64.6,false,false,24.9,true,-9.62,0.95,BEAR,below,W_U_3+
,2026-05-19T12:52:00,2026-05-19T12:55:00,2026-05-19,Short,CR3_WU|c4|r69.4|a23.7|m-0.48|d-0.27|Rb,WS_Exit,29009,29029.25,,-20.25,false,SL_20,1.19,20.56,4,69.4,false,false,23.7,true,-0.48,-0.27,BEAR,below,W_U_3+
,2026-05-19T13:03:00,2026-05-19T13:09:00,2026-05-19,Short,CR3_WU|c3|r74.6|a22.6|m12.82|d0.23|RbO,WS_Exit,29049.25,29069.5,,-20.25,false,SL_20,6.94,20.56,3,74.6,false,true,22.6,true,12.82,0.23,BEAR,below,W_U_OB
,2026-05-19T13:23:00,2026-05-19T13:26:00,2026-05-19,Short,CR3_WU|c3|r71.9|a22.6|m12.82|d0.32|RbO,WS_Exit,29117,29077,,40,true,TP_40,39.69,5.56,3,71.9,false,true,22.6,true,12.82,0.32,BEAR,below,W_U_OB
,2026-05-19T13:45:00,2026-05-19T13:46:00,2026-05-19,Long,CR3_WL|c3|r43.4|a22.4|m24.74|d-0.34|NA,WL_Exit,29075,29048,,-27,false,Other,0,29.56,3,43.4,false,false,22.4,true,24.74,-0.34,NEU,above,W_L_3+
,2026-05-19T14:05:00,2026-05-19T14:18:00,2026-05-19,Short,CR3_WU|c1|r61.9|a22.2|m30.42|d1.36|Nb,WS_Exit,29092,29052,,40,true,TP_40,39.69,10.06,1,61.9,false,false,22.2,true,30.42,1.36,NEU,below,W_U_1
,2026-05-19T14:28:00,2026-05-19T14:30:00,2026-05-19,Long,CR3_WL|c3|r36.2|a22.2|m30.42|d-0.41|NA,WL_Exit,29029.5,29009.25,,-20.25,false,SL_20,1.69,20.56,3,36.2,false,false,22.2,true,30.42,-0.41,NEU,above,W_L_3+
,2026-05-19T14:39:00,2026-05-19T14:48:00,2026-05-19,Long,CR3_WL|c4|r37.5|a22|m29.78|d0.18|NA,WL_Exit,29015.75,28995.5,,-20.25,false,SL_20,11.44,20.56,4,37.5,false,false,22,true,29.78,0.18,NEU,above,W_L_3+
,2026-05-19T14:53:00,2026-05-19T14:55:00,2026-05-19,Long,CR3_WL|c4|r34.7|a22|m29.78|d0.01|NA,WL_Exit,28990,28969.75,,-20.25,false,SL_20,1.69,20.56,4,34.7,false,false,22,true,29.78,0.01,NEU,above,W_L_3+
,2026-05-19T15:15:00,2026-05-19T15:19:00,2026-05-19,Short,CR3_WU|c1|r63.6|a20.9|m23.94|d1.72|Nb,WS_Exit,29047.25,29007.25,,40,true,TP_40,39.69,2.56,1,63.6,false,false,20.9,true,23.94,1.72,NEU,below,W_U_1
,2026-05-19T15:25:00,2026-05-19T15:31:00,2026-05-19,Long,CR3_WL|c3|r33.6|a20.9|m23.94|d-1.86|NA,WL_Exit,28947.75,28987.75,,40,true,TP_40,39.69,7.06,3,33.6,false,false,20.9,true,23.94,-1.86,NEU,above,W_L_3+
,2026-05-19T15:46:00,2026-05-19T15:50:00,2026-05-19,Long,CR3_WL|c3|r36.8|a19.8|m20.34|d-0.5|NA,WL_Exit,28927.5,28907.25,,-20.25,false,SL_20,8.69,20.56,3,36.8,false,false,19.8,true,20.34,-0.5,NEU,above,W_L_3+
,2026-05-19T16:08:00,2026-05-19T16:29:00,2026-05-19,Short,CR3_WU|c1|r53.6|a18.7|m13.72|d0.75|Nb,ADX_Block,28929.5,28909,,20.5,true,ADX_Block,27.94,12.06,1,53.6,false,false,18.7,true,13.72,0.75,NEU,below,W_U_1
,2026-05-19T16:34:00,2026-05-19T16:35:00,2026-05-19,Long,CR3_WL|c1|r42.9|a17.6|m7.99|d-0.11|Na,ADX_Block,28903.75,28908.5,,4.75,true,ADX_Block,5.69,5.06,1,42.9,false,false,17.6,false,7.99,-0.11,NEU,above,W_L_1
,2026-05-19T16:46:00,2026-05-19T16:47:00,2026-05-19,Long,CR3_WL|c1|r39.6|a17.6|m7.99|d-0.14|Na,ADX_Block,28896.25,28896.75,,0.5,false,ADX_Block,7.19,1.56,1,39.6,false,false,17.6,false,7.99,-0.14,NEU,above,W_L_1
,2026-05-19T16:58:00,2026-05-19T16:59:00,2026-05-19,Long,CR3_WL|c1|r40.2|a17.6|m7.99|d-0.11|Na,ADX_Block,28892.5,28898.75,,6.25,true,ADX_Block,6.19,0.81,1,40.2,false,false,17.6,false,7.99,-0.11,NEU,above,W_L_1
,2026-05-20T10:52:00,2026-05-20T10:53:00,2026-05-20,Short,CR3_WU|c1|r58.3|a16.5|m4.64|d-0.08|Bb,ADX_Block,29232,29250,,-18,false,ADX_Block,0.44,19.31,1,58.3,false,false,16.5,false,4.64,-0.08,BULL,below,W_U_1
,2026-05-20T11:17:00,2026-05-20T11:18:00,2026-05-20,Short,CR3_WU|c1|r60.1|a17.8|m10.86|d0.8|Bb,ADX_Block,29312.75,29313.75,,-1,false,ADX_Block,38.44,11.31,1,60.1,false,false,17.8,false,10.86,0.8,BULL,below,W_U_1
,2026-05-20T11:50:00,2026-05-20T12:03:00,2026-05-20,Short,CR3_WU|c2|r61.5|a20|m15.71|d0.43|Bb,WS_Exit,29341.25,29301.25,,40,true,TP_40,39.69,17.56,2,61.5,false,false,20,true,15.71,0.43,BULL,below,W_U_2
,2026-05-20T12:04:00,2026-05-20T12:11:00,2026-05-20,Long,CR3_WL|c5|r45.7|a22|m19.99|d-1.07|BA,WL_Exit,29316.25,29296,,-20.25,false,SL_20,12.44,20.56,5,45.7,false,false,22,true,19.99,-1.07,BULL,above,W_L_3+
,2026-05-20T12:18:00,2026-05-20T12:20:00,2026-05-20,Long,CR3_WL|c5|r33.5|a22|m19.99|d-0.93|BA,WL_Exit,29271,29250.75,,-20.25,false,SL_20,0,24.56,5,33.5,false,false,22,true,19.99,-0.93,BULL,above,W_L_3+
,2026-05-20T12:45:00,2026-05-20T12:57:00,2026-05-20,Short,CR3_WU|c2|r54.8|a22.4|m15|d1.3|Bb,WS_Exit,29273.5,29233.5,,40,true,TP_40,39.69,23.56,2,54.8,false,false,22.4,true,15,1.3,BULL,below,W_U_2
,2026-05-20T12:57:00,2026-05-20T12:59:00,2026-05-20,Long,CR3_WL|c5|r41|a22.4|m15|d-0.51|BA,WL_Exit,29232.5,29272.5,,40,true,TP_40,39.69,8.56,5,41,false,false,22.4,true,15,-0.51,BULL,above,W_L_3+
,2026-05-20T13:10:00,2026-05-20T13:13:00,2026-05-20,Long,CR3_WL|c5|r48.1|a22.7|m12.24|d-0.11|BA,WL_Exit,29251,29291,,40,true,TP_40,39.69,9.56,5,48.1,false,false,22.7,true,12.24,-0.11,BULL,above,W_L_3+
,2026-05-20T13:13:00,2026-05-20T13:27:00,2026-05-20,Short,CR3_WU|c3|r58.6|a22.7|m12.24|d-0.08|Bb,WS_Exit,29277,29297.25,,-20.25,false,SL_20,15.69,20.56,3,58.6,false,false,22.7,true,12.24,-0.08,BULL,below,W_U_3+
,2026-05-20T13:28:00,2026-05-20T13:36:00,2026-05-20,Short,CR3_WU|c2|r59.4|a22.7|m12.24|d0.16|Bb,WS_Exit,29292.75,29313,,-20.25,false,SL_20,20.44,20.56,2,59.4,false,false,22.7,true,12.24,0.16,BULL,below,W_U_2
,2026-05-20T13:53:00,2026-05-20T14:00:00,2026-05-20,Long,CR3_WL|c5|r47.6|a23.2|m11.36|d-0.46|BA,WL_Exit,29289.5,29269.25,,-20.25,false,SL_20,29.19,20.56,5,47.6,false,false,23.2,true,11.36,-0.46,BULL,above,W_L_3+
,2026-05-20T14:01:00,2026-05-20T14:37:00,2026-05-20,Short,CR3_WU|c2|r61.5|a23.8|m10.04|d0.35|Bb,WS_Exit,29313.75,29334,,-20.25,false,SL_20,36.19,20.56,2,61.5,false,false,23.8,true,10.04,0.35,BULL,below,W_U_2
,2026-05-20T14:39:00,2026-05-20T14:45:00,2026-05-20,Short,CR3_WU|c2|r67|a24|m8.38|d1.14|Bb,WS_Exit,29334.25,29294.25,,40,true,TP_40,39.69,4.31,2,67,false,false,24,true,8.38,1.14,BULL,below,W_U_2
,2026-05-20T15:01:00,2026-05-20T15:15:00,2026-05-20,Short,CR3_WU|c2|r58|a24.5|m5.96|d0.44|Bb,WS_Exit,29324,29344.25,,-20.25,false,SL_20,21.19,20.56,2,58,false,false,24.5,true,5.96,0.44,BULL,below,W_U_2
,2026-05-20T15:31:00,2026-05-20T15:39:00,2026-05-20,Long,CR3_WL|c5|r52.2|a25|m6.01|d-0.54|BA,WL_Exit,29335.5,29375.5,,40,true,TP_40,39.69,4.06,5,52.2,false,false,25,true,6.01,-0.54,BULL,above,W_L_3+
,2026-05-20T15:46:00,2026-05-20T15:58:00,2026-05-20,Short,CR3_WU|c2|r65.4|a25|m6.01|d0.33|Bb,WS_Exit,29365.25,29385.5,,-20.25,false,SL_20,28.69,20.56,2,65.4,false,false,25,true,6.01,0.33,BULL,below,W_U_2
,2026-05-20T15:58:00,2026-05-20T16:16:00,2026-05-20,Short,CR3_WU|c3|r61.2|a25|m6.01|d-0.19|Bb,WS_Exit,29377.75,29337.75,,40,true,TP_40,39.69,19.56,3,61.2,false,false,25,true,6.01,-0.19,BULL,below,W_U_3+
,2026-05-20T16:23:00,2026-05-20T16:25:00,2026-05-20,Long,CR3_WL|c5|r38.3|a25.9|m8.54|d-1.38|BA,WL_Exit,29296,29336,,40,true,TP_40,39.69,1.56,5,38.3,false,false,25.9,true,8.54,-1.38,BULL,above,W_L_3+
,2026-05-20T16:52:00,2026-05-20T16:54:00,2026-05-20,Long,CR3_WL|c6|r39.2|a25.2|m7.6|d0.09|BA,WL_Exit,29282.75,29262.5,,-20.25,false,SL_20,3.69,27.81,6,39.2,false,false,25.2,true,7.6,0.09,BULL,above,W_L_3+
,2026-05-21T10:37:00,2026-05-21T10:40:00,2026-05-21,Short,CR3_WU|c3|r56.8|a18.8|m-17.43|d1.02|NB,WS_Exit,29244.75,29204.75,,40,true,TP_40,39.69,10.31,3,56.8,false,false,18.8,true,-17.43,1.02,NEU,below,W_U_3+
,2026-05-21T10:49:00,2026-05-21T10:50:00,2026-05-21,Long,CR3_WL|c1|r45.6|a18.8|m-17.43|d-0.48|Na,WL_Exit,29199.25,29173.25,,-26,false,Other,1.69,31.31,1,45.6,false,false,18.8,true,-17.43,-0.48,NEU,above,W_L_1
,2026-05-21T10:59:00,2026-05-21T11:05:00,2026-05-21,Short,CR3_WU|c3|r54|a18.7|m-14.71|d0.57|NB,WS_Exit,29234,29194,,40,true,TP_40,39.69,11.06,3,54,false,false,18.7,true,-14.71,0.57,NEU,below,W_U_3+
,2026-05-21T11:06:00,2026-05-21T11:08:00,2026-05-21,Long,CR3_WL|c1|r40.9|a18.7|m-14.71|d-0.35|Na,WL_Exit,29176.5,29156.25,,-20.25,false,SL_20,5.94,20.56,1,40.9,false,false,18.7,true,-14.71,-0.35,NEU,above,W_L_1
,2026-05-21T11:33:00,2026-05-21T11:34:00,2026-05-21,Long,CR3_WL|c1|r45.3|a18.9|m-12.12|d-0.66|Ra,WL_Exit,29211.75,29185.25,,-26.5,false,Other,3.19,36.81,1,45.3,false,false,18.9,true,-12.12,-0.66,BEAR,above,W_L_1
,2026-05-21T11:43:00,2026-05-21T11:47:00,2026-05-21,Short,CR3_WU|c3|r60.9|a18.9|m-12.12|d0.97|Rb,WS_Exit,29265,29285.25,,-20.25,false,SL_20,39.69,20.56,3,60.9,false,false,18.9,true,-12.12,0.97,BEAR,below,W_U_3+
,2026-05-21T11:59:00,2026-05-21T12:09:00,2026-05-21,Long,CR3_WL|c2|r49.7|a18.4|m-7.81|d-0.56|RA,WL_Exit,29266.75,29306.75,,40,true,TP_40,39.69,18.31,2,49.7,false,false,18.4,true,-7.81,-0.56,BEAR,above,W_L_2
,2026-05-21T12:13:00,2026-05-21T12:15:00,2026-05-21,Long,CR3_WL|c2|r48.8|a18.4|m-7.81|d-0.11|RA,WL_Exit,29279.75,29259.5,,-20.25,false,SL_20,9.19,20.56,2,48.8,false,false,18.4,true,-7.81,-0.11,BEAR,above,W_L_2
,2026-05-21T12:23:00,2026-05-21T12:29:00,2026-05-21,Long,CR3_WL|c1|r38.9|a18.4|m-7.81|d-1.2|Ra,ADX_Block,29243.25,29246.75,,3.5,true,ADX_Block,8.44,14.56,1,38.9,false,false,18.4,true,-7.81,-1.2,BEAR,above,W_L_1
,2026-05-21T12:45:00,2026-05-21T12:46:00,2026-05-21,Short,CR3_WU|c3|r52.2|a17.8|m-5.86|d-0.08|Rb,ADX_Block,29261,29240.75,,20.25,true,ADX_Block,33.44,0.56,3,52.2,false,false,17.8,false,-5.86,-0.08,BEAR,below,W_U_3+
,2026-05-21T13:02:00,2026-05-21T13:03:00,2026-05-21,Short,CR3_WU|c2|r62.5|a17.3|m-3.57|d1.25|Rb,ADX_Block,29278.75,29280,,-1.25,false,ADX_Block,9.69,6.31,2,62.5,false,false,17.3,false,-3.57,1.25,BEAR,below,W_U_2
,2026-05-21T13:12:00,2026-05-21T13:13:00,2026-05-21,Short,CR3_WU|c3|r74|a17.3|m-3.57|d1.09|RbO,ADX_Block,29346.75,29330.75,,16,true,ADX_Block,22.44,2.56,3,74,false,true,17.3,false,-3.57,1.09,BEAR,below,W_U_OB
,2026-05-21T13:22:00,2026-05-21T13:23:00,2026-05-21,Short,CR3_WU|c2|r69.9|a17.3|m-3.57|d0.61|Rb,ADX_Block,29433.25,29398.5,,34.75,true,ADX_Block,66.44,3.31,2,69.9,false,false,17.3,false,-3.57,0.61,BEAR,below,W_U_2
,2026-05-21T13:35:00,2026-05-21T13:36:00,2026-05-21,Short,CR3_WU|c1|r64.8|a18|m8.01|d-0.11|Nb,ADX_Block,29453.75,29453.5,,0.25,false,ADX_Block,1.19,7.56,1,64.8,false,false,18,true,8.01,-0.11,NEU,below,W_U_1
,2026-05-21T13:53:00,2026-05-21T13:54:00,2026-05-21,Short,CR3_WU|c2|r70.4|a18|m8.01|d-0.02|NbO,ADX_Block,29526.25,29541.75,,-15.5,false,ADX_Block,2.19,18.81,2,70.4,false,true,18,true,8.01,-0.02,NEU,below,W_U_OB
,2026-05-21T14:04:00,2026-05-21T14:14:00,2026-05-21,Long,CR3_WL|c3|r43.1|a19.3|m20.37|d-1.3|NA,WL_Exit,29467.75,29447.5,,-20.25,false,SL_20,31.44,20.56,3,43.1,false,false,19.3,true,20.37,-1.3,NEU,above,W_L_3+
,2026-05-21T14:14:00,2026-05-21T14:16:00,2026-05-21,Long,CR3_WL|c3|r38.2|a19.3|m20.37|d-0.74|NA,WL_Exit,29451.25,29431,,-20.25,false,SL_20,5.19,20.56,3,38.2,false,false,19.3,true,20.37,-0.74,NEU,above,W_L_3+
,2026-05-21T14:38:00,2026-05-21T14:46:00,2026-05-21,Long,CR3_WL|c3|r44.2|a20.5|m24.66|d-0.33|NA,WL_Exit,29450,29429.75,,-20.25,false,SL_20,19.69,20.56,3,44.2,false,false,20.5,true,24.66,-0.33,NEU,above,W_L_3+
,2026-05-21T14:50:00,2026-05-21T14:52:00,2026-05-21,Long,CR3_WL|c3|r38.1|a20.5|m24.66|d-0.74|NA,WL_Exit,29420,29399.75,,-20.25,false,SL_20,10.94,20.56,3,38.1,false,false,20.5,true,24.66,-0.74,NEU,above,W_L_3+
,2026-05-21T15:35:00,2026-05-21T15:42:00,2026-05-21,Long,CR3_WL|c5|r55.9|a18.9|m19.05|d-0.25|BA,WL_Exit,29429,29408.75,,-20.25,false,SL_20,17.19,20.56,5,55.9,false,false,18.9,true,19.05,-0.25,BULL,above,W_L_3+
,2026-05-21T15:45:00,2026-05-21T15:57:00,2026-05-21,Long,CR3_WL|c5|r46.7|a18.9|m19.05|d-0.26|BA,WL_Exit,29411,29451,,40,true,TP_40,39.69,12.81,5,46.7,false,false,18.9,true,19.05,-0.26,BULL,above,W_L_3+
,2026-05-21T16:01:00,2026-05-21T16:59:00,2026-05-21,Short,CR3_WU|c2|r60.8|a18.5|m19.59|d0.44|Bb,ADX_Block,29455.5,29455.25,,0.25,false,ADX_Block,16.44,17.31,2,60.8,false,false,18.5,true,19.59,0.44,BULL,below,W_U_2
,2026-05-22T10:36:00,2026-05-22T10:37:00,2026-05-22,Short,CR3_WU|c1|r63.4|a17.8|m2.01|d1.55|Bb,ADX_Block,29606.25,29609,,-2.75,false,ADX_Block,8.19,6.31,1,63.4,false,false,17.8,false,2.01,1.55,BULL,below,W_U_1
,2026-05-22T10:57:00,2026-05-22T10:58:00,2026-05-22,Short,CR3_WU|c2|r65|a17.8|m2.01|d-0.02|Bb,ADX_Block,29644.75,29651.75,,-7,false,ADX_Block,2.19,10.06,2,65,false,false,17.8,false,2.01,-0.02,BULL,below,W_U_2
,2026-05-22T11:25:00,2026-05-22T11:49:00,2026-05-22,Long,CR3_WL|c5|r54|a18.7|m6.13|d-0.74|BA,WL_Exit,29682,29661.75,,-20.25,false,SL_20,31.44,20.56,5,54,false,false,18.7,true,6.13,-0.74,BULL,above,W_L_3+
,2026-05-22T12:00:00,2026-05-22T12:15:00,2026-05-22,Long,CR3_WL|c6|r44|a21.4|m13.56|d0.39|BA,WL_Exit,29675.75,29655.5,,-20.25,false,SL_20,17.94,20.56,6,44,false,false,21.4,true,13.56,0.39,BULL,above,W_L_3+
,2026-05-22T12:23:00,2026-05-22T13:01:00,2026-05-22,Long,CR3_WL|c5|r37.9|a21.4|m13.56|d-0.63|BA,WL_Exit,29650,29690,,40,true,TP_40,39.69,19.56,5,37.9,false,false,21.4,true,13.56,-0.63,BULL,above,W_L_3+
,2026-05-22T13:03:00,2026-05-22T13:19:00,2026-05-22,Short,CR3_WU|c2|r68.1|a22.6|m10.8|d1.28|Bb,WS_Exit,29692.5,29652.5,,40,true,TP_40,39.69,13.81,2,68.1,false,false,22.6,true,10.8,1.28,BULL,below,W_U_2
,2026-05-22T13:20:00,2026-05-22T13:28:00,2026-05-22,Long,CR3_WL|c5|r46.7|a22.6|m10.8|d-1.12|BA,WL_Exit,29677.75,29717.75,,40,true,TP_40,39.69,9.31,5,46.7,false,false,22.6,true,10.8,-1.12,BULL,above,W_L_3+
,2026-05-22T13:28:00,2026-05-22T13:29:00,2026-05-22,Short,CR3_WU|c3|r62.1|a22.6|m10.8|d-0.13|Bb,WS_Exit,29707,29736.75,,-29.75,false,Other,12.94,31.81,3,62.1,false,false,22.6,true,10.8,-0.13,BULL,below,W_U_3+
,2026-05-22T13:51:00,2026-05-22T13:54:00,2026-05-22,Long,CR3_WL|c5|r44.9|a23.8|m13.2|d-0.75|BA,WL_Exit,29689.5,29669.25,,-20.25,false,SL_20,2.44,20.56,5,44.9,false,false,23.8,true,13.2,-0.75,BULL,above,W_L_3+
,2026-05-22T14:01:00,2026-05-22T14:04:00,2026-05-22,Long,CR3_WL|c5|r43.1|a25|m10|d-0.19|BA,WL_Exit,29675.5,29655.25,,-20.25,false,SL_20,13.94,20.56,5,43.1,false,false,25,true,10,-0.19,BULL,above,W_L_3+
,2026-05-22T14:12:00,2026-05-22T14:34:00,2026-05-22,Long,CR3_WL|c5|r39.4|a25|m10|d-0.08|BA,WL_Exit,29664,29643.75,,-20.25,false,SL_20,9.94,20.56,5,39.4,false,false,25,true,10,-0.08,BULL,above,W_L_3+
,2026-05-22T15:01:00,2026-05-22T15:02:00,2026-05-22,Long,CR3_WL|c4|r37.2|a25.9|m2.07|d-0.05|BA,WL_Exit,29640.25,29612,,-28.25,false,Other,12.69,32.81,4,37.2,false,false,25.9,true,2.07,-0.05,BULL,above,W_L_3+
,2026-05-22T15:16:00,2026-05-22T15:26:00,2026-05-22,Long,CR3_WL|c4|r31.3|a25.9|m2.07|d0.16|Ba,WL_Exit,29589.25,29569,,-20.25,false,SL_20,11.94,20.56,4,31.3,false,false,25.9,true,2.07,0.16,BULL,above,W_L_3+
,2026-05-22T15:27:00,2026-05-22T15:29:00,2026-05-22,Long,CR3_WL|c4|r29.5|a25.9|m2.07|d-0.19|BaO,WL_Exit,29568.25,29548,,-20.25,false,SL_20,4.44,20.56,4,29.5,true,false,25.9,true,2.07,-0.19,BULL,above,W_L_OS
,2026-05-22T15:41:00,2026-05-22T15:46:00,2026-05-22,Long,CR3_WL|c3|r40.9|a24.3|m-7.19|d1.24|Ba,WL_Exit,29563,29542.75,,-20.25,false,SL_20,5.44,20.56,3,40.9,false,false,24.3,true,-7.19,1.24,BULL,above,W_L_3+
,2026-05-22T15:52:00,2026-05-22T16:31:00,2026-05-22,Long,CR3_WL|c2|r44.4|a24.3|m-7.19|d-0.06|Ba,WL_Exit,29553,29532.75,,-20.25,false,SL_20,29.19,20.56,2,44.4,false,false,24.3,true,-7.19,-0.06,BULL,above,W_L_2
,2026-05-22T16:31:00,2026-05-24T18:00:00,2026-05-22,Long,CR3_WL|c3|r38.6|a21.3|m-16.29|d0.08|Ba,WL_Exit,29539.75,29675.75,,136,true,Other,135.69,20.06,3,38.6,false,false,21.3,true,-16.29,0.08,BULL,above,W_L_3+
,2026-05-25T10:41:00,2026-05-25T11:10:00,2026-05-25,Long,CR3_WL|c3|r26.8|a25.1|m-12.07|d-0.39|BaO,WL_Exit,29919.5,29959.5,,40,true,TP_40,39.69,11.06,3,26.8,true,false,25.1,true,-12.07,-0.39,BULL,above,W_L_OS
,2026-05-25T11:13:00,2026-05-25T11:28:00,2026-05-25,Short,CR3_WU|c3|r73.8|a23.7|m-13.42|d1.95|BbO,WS_Exit,29974,29934,,40,true,TP_40,39.69,4.31,3,73.8,false,true,23.7,true,-13.42,1.95,BULL,below,W_U_OB
,2026-05-25T11:30:00,2026-05-25T12:59:00,2026-05-25,Long,CR3_WL|c3|r36.5|a23.6|m-13.61|d-1.45|BA,WL_Exit,29927,29967,,40,true,TP_40,39.69,14.31,3,36.5,false,false,23.6,true,-13.61,-1.45,BULL,above,W_L_3+
,2026-05-26T10:36:00,2026-05-26T10:58:00,2026-05-26,Short,CR3_WU|c2|r75|a22.7|m25.36|d0.13|NbO,WS_Exit,30100.25,30060.25,,40,true,TP_40,39.69,19.06,2,75,false,true,22.7,true,25.36,0.13,NEU,below,W_U_OB
,2026-05-26T11:05:00,2026-05-26T11:07:00,2026-05-26,Long,CR3_WL|c3|r35|a25.3|m27.13|d-1.08|NA,WL_Exit,30035,30014.75,,-20.25,false,SL_20,6.44,20.56,3,35,false,false,25.3,true,27.13,-1.08,NEU,above,W_L_3+
,2026-05-26T11:18:00,2026-05-26T11:30:00,2026-05-26,Long,CR3_WL|c4|r39.9|a25.3|m27.13|d0.04|NA,WL_Exit,30011.25,29991,,-20.25,false,SL_20,18.19,20.56,4,39.9,false,false,25.3,true,27.13,0.04,NEU,above,W_L_3+
,2026-05-26T11:30:00,2026-05-26T11:36:00,2026-05-26,Long,CR3_WL|c6|r36.3|a26.1|m23.11|d0.14|BA,WL_Exit,29987.5,29967.25,,-20.25,false,SL_20,19.69,20.56,6,36.3,false,false,26.1,true,23.11,0.14,BULL,above,W_L_3+
,2026-05-26T11:45:00,2026-05-26T11:47:00,2026-05-26,Long,CR3_WL|c6|r42.8|a26.1|m23.11|d0.1|BA,WL_Exit,29977.25,29957,,-20.25,false,SL_20,0,26.31,6,42.8,false,false,26.1,true,23.11,0.1,BULL,above,W_L_3+
,2026-05-26T12:30:00,2026-05-26T12:45:00,2026-05-26,Short,CR3_WU|c2|r68.8|a23.3|m12.46|d1.13|Bb,WS_Exit,29999,29959,,40,true,TP_40,39.69,16.81,2,68.8,false,false,23.3,true,12.46,1.13,BULL,below,W_U_2
,2026-05-26T13:03:00,2026-05-26T13:24:00,2026-05-26,Short,CR3_WU|c1|r62.3|a22.4|m9.08|d0.99|Bb,WS_Exit,29997,29957,,40,true,TP_40,39.69,4.06,1,62.3,false,false,22.4,true,9.08,0.99,BULL,below,W_U_1
,2026-05-26T13:35:00,2026-05-26T13:49:00,2026-05-26,Short,CR3_WU|c1|r56.4|a21.6|m5.88|d0.88|Bb,WS_Exit,29986.75,30007,,-20.25,false,SL_20,18.19,20.56,1,56.4,false,false,21.6,true,5.88,0.88,BULL,below,W_U_1
,2026-05-26T14:01:00,2026-05-26T14:17:00,2026-05-26,Long,CR3_WL|c4|r48.5|a21|m4.98|d-0.77|BA,WL_Exit,29991.75,30031.75,,40,true,TP_40,39.69,3.31,4,48.5,false,false,21,true,4.98,-0.77,BULL,above,W_L_3+
,2026-05-26T14:41:00,2026-05-26T14:50:00,2026-05-26,Long,CR3_WL|c5|r49.6|a21.1|m7.04|d-0.73|BA,WL_Exit,30042,30021.75,,-20.25,false,SL_20,5.94,20.56,5,49.6,false,false,21.1,true,7.04,-0.73,BULL,above,W_L_3+
,2026-05-26T14:58:00,2026-05-26T15:16:00,2026-05-26,Long,CR3_WL|c5|r39|a21.1|m7.04|d-0.03|BA,WL_Exit,30021,30061,,40,true,TP_40,39.69,15.56,5,39,false,false,21.1,true,7.04,-0.03,BULL,above,W_L_3+
,2026-05-26T15:28:00,2026-05-26T15:40:00,2026-05-26,Long,CR3_WL|c5|r49.3|a21.3|m5.58|d-0.54|BA,WL_Exit,30047.75,30087.75,,40,true,TP_40,39.69,1.06,5,49.3,false,false,21.3,true,5.58,-0.54,BULL,above,W_L_3+
,2026-05-26T15:50:00,2026-05-26T15:53:00,2026-05-26,Short,CR3_WU|c3|r58.5|a21.4|m6.53|d-0.19|Bb,WS_Exit,30086.5,30106.75,,-20.25,false,SL_20,0.94,20.56,3,58.5,false,false,21.4,true,6.53,-0.19,BULL,below,W_U_3+
,2026-05-26T15:57:00,2026-05-26T16:06:00,2026-05-26,Long,CR3_WL|c5|r47.8|a21.4|m6.53|d-1.05|BA,WL_Exit,30081.25,30061,,-20.25,false,SL_20,2.19,20.56,5,47.8,false,false,21.4,true,6.53,-1.05,BULL,above,W_L_3+
,2026-05-26T16:39:00,2026-05-26T18:48:00,2026-05-26,Short,CR3_WU|c2|r56.6|a22.9|m7.19|d0.71|Bb,WS_Exit,30069,30029,,40,true,TP_40,39.69,9.56,2,56.6,false,false,22.9,true,7.19,0.71,BULL,below,W_U_2
,2026-05-27T11:57:00,2026-05-27T12:03:00,2026-05-27,Short,CR3_WU|c2|r54.1|a35.1|m-41.11|d0.71|NB,WS_Exit,29931.75,29952,,-20.25,false,SL_20,11.44,20.56,2,54.1,false,false,35.1,false,-41.11,0.71,NEU,below,W_U_2
,2026-05-27T12:07:00,2026-05-27T12:08:00,2026-05-27,Short,CR3_WU|c3|r55.3|a34.9|m-41.93|d0.26|NB,WS_Exit,29941,29962.25,,-21.25,false,SL_20,9.19,23.31,3,55.3,false,false,34.9,true,-41.93,0.26,NEU,below,W_U_3+
,2026-05-27T12:31:00,2026-05-27T12:41:00,2026-05-27,Long,CR3_WL|c1|r55.7|a34|m-36.75|d-0.56|Na,WL_Exit,29994,30034,,40,true,TP_40,39.69,13.56,1,55.7,false,false,34,true,-36.75,-0.56,NEU,above,W_L_1
,2026-05-27T12:41:00,2026-05-27T12:49:00,2026-05-27,Short,CR3_WU|c3|r65.3|a34|m-36.75|d0.71|NB,WS_Exit,30025.25,30045.5,,-20.25,false,SL_20,0.94,20.56,3,65.3,false,false,34,true,-36.75,0.71,NEU,below,W_U_3+
,2026-05-27T12:58:00,2026-05-27T13:01:00,2026-05-27,Long,CR3_WL|c1|r41.7|a34|m-36.75|d-1.92|Na,WL_Exit,29990.5,29970.25,,-20.25,false,SL_20,6.69,20.56,1,41.7,false,false,34,true,-36.75,-1.92,NEU,above,W_L_1
,2026-05-27T13:10:00,2026-05-27T13:11:00,2026-05-27,Long,CR3_WL|c1|r35.8|a32.5|m-31.79|d-1.1|Na,WL_Exit,29930,29902.25,,-27.75,false,Other,0,31.81,1,35.8,false,false,32.5,true,-31.79,-1.1,NEU,above,W_L_1
,2026-05-27T13:37:00,2026-05-27T14:08:00,2026-05-27,Short,CR3_WU|c5|r58.7|a32.1|m-28.89|d0.33|RB,WS_Exit,29981.5,30001.75,,-20.25,false,SL_20,39.19,20.56,5,58.7,false,false,32.1,true,-28.89,0.33,BEAR,below,W_U_3+
,2026-05-27T14:08:00,2026-05-27T14:18:00,2026-05-27,Short,CR3_WU|c6|r58.8|a31.7|m-24.43|d-0.05|RB,WS_Exit,29994,30014.25,,-20.25,false,SL_20,14.94,20.56,6,58.8,false,false,31.7,true,-24.43,-0.05,BEAR,below,W_U_3+
,2026-05-27T14:18:00,2026-05-27T14:22:00,2026-05-27,Short,CR3_WU|c5|r65.4|a31.7|m-24.43|d0.42|RB,WS_Exit,30011.75,30032,,-20.25,false,SL_20,4.94,20.56,5,65.4,false,false,31.7,true,-24.43,0.42,BEAR,below,W_U_3+
,2026-05-27T14:58:00,2026-05-27T15:27:00,2026-05-27,Long,CR3_WL|c1|r46.8|a30.3|m-15.02|d-0.61|Ra,WL_Exit,30037,30016.75,,-20.25,false,SL_20,27.69,20.56,1,46.8,false,false,30.3,true,-15.02,-0.61,BEAR,above,W_L_1
,2026-05-27T15:29:00,2026-05-27T15:39:00,2026-05-27,Long,CR3_WL|c1|r40.3|a27.7|m-5.37|d-1.15|Ra,WL_Exit,30027,30067,,40,true,TP_40,39.69,2.06,1,40.3,false,false,27.7,true,-5.37,-1.15,BEAR,above,W_L_1
,2026-05-27T15:50:00,2026-05-27T16:16:00,2026-05-27,Long,CR3_WL|c2|r50.3|a27.7|m-5.37|d-0.59|RA,WL_Exit,30051.5,30091.5,,40,true,TP_40,39.69,17.31,2,50.3,false,false,27.7,true,-5.37,-0.59,BEAR,above,W_L_2
,2026-05-27T16:39:00,2026-05-27T18:01:00,2026-05-27,Short,CR3_WU|c3|r62.9|a24.7|m4.64|d-0.05|Rb,WS_Exit,30111,30131.25,,-20.25,false,SL_20,9.69,20.56,3,62.9,false,false,24.7,true,4.64,-0.05,BEAR,below,W_U_3+
,2026-05-28T11:47:00,2026-05-28T11:48:00,2026-05-28,Long,CR3_WL|c2|r45.4|a15.8|m37|d-1.14|NA,ADX_Block,30256,30254.25,,-1.75,false,ADX_Block,1.69,5.31,2,45.4,false,false,15.8,false,37,-1.14,NEU,above,W_L_2
,2026-05-28T12:01:00,2026-05-28T12:02:00,2026-05-28,Long,CR3_WL|c4|r43.8|a16.6|m39.58|d-0.43|BA,ADX_Block,30252,30247.25,,-4.75,false,ADX_Block,4.69,5.56,4,43.8,false,false,16.6,false,39.58,-0.43,BULL,above,W_L_3+
,2026-05-28T12:20:00,2026-05-28T12:21:00,2026-05-28,Short,CR3_WU|c2|r71.8|a16.6|m39.58|d0.68|BbO,ADX_Block,30302,30297.25,,4.75,true,ADX_Block,5.19,3.31,2,71.8,false,true,16.6,false,39.58,0.68,BULL,below,W_U_OB
,2026-05-28T12:36:00,2026-05-28T12:37:00,2026-05-28,Long,CR3_WL|c4|r42.5|a17.5|m41.31|d-1.22|BA,ADX_Block,30280.25,30283,,2.75,true,ADX_Block,5.69,1.06,4,42.5,false,false,17.5,false,41.31,-1.22,BULL,above,W_L_3+
,2026-05-28T13:01:00,2026-05-28T13:34:00,2026-05-28,Short,CR3_WU|c2|r66.2|a18.5|m41.54|d0.73|Bb,WS_Exit,30327.5,30287.5,,40,true,TP_40,39.69,8.31,2,66.2,false,false,18.5,true,41.54,0.73,BULL,below,W_U_2
,2026-05-28T13:37:00,2026-05-28T14:48:00,2026-05-28,Long,CR3_WL|c5|r47.8|a19.5|m37.35|d-0.65|BA,WL_Exit,30302.75,30282.5,,-20.25,false,SL_20,38.94,20.56,5,47.8,false,false,19.5,true,37.35,-0.65,BULL,above,W_L_3+
,2026-05-28T14:49:00,2026-05-28T15:38:00,2026-05-28,Long,CR3_WL|c6|r38.8|a20.8|m28.71|d0.08|BA,WL_Exit,30286.5,30326.5,,40,true,TP_40,39.69,12.31,6,38.8,false,false,20.8,true,28.71,0.08,BULL,above,W_L_3+
,2026-05-28T15:50:00,2026-05-28T15:52:00,2026-05-28,Long,CR3_WL|c5|r44.6|a21.1|m16.95|d-0.76|BA,WL_Exit,30306.25,30286,,-20.25,false,SL_20,0.69,20.56,5,44.6,false,false,21.1,true,16.95,-0.76,BULL,above,W_L_3+
,2026-05-28T16:16:00,2026-05-28T18:00:00,2026-05-28,Short,CR3_WU|c2|r54.2|a21.4|m12.15|d0.24|Bb,WS_Exit,30323.25,30343.5,,-20.25,false,SL_20,11.19,20.56,2,54.2,false,false,21.4,true,12.15,0.24,BULL,below,W_U_2
,2026-05-29T10:37:00,2026-05-29T10:40:00,2026-05-29,Long,CR3_WL|c5|r39.3|a19.5|m8.18|d0.58|Ba,WL_Exit,30363.25,30343,,-20.25,false,SL_20,23.94,20.56,5,39.3,false,false,19.5,true,8.18,0.58,BULL,above,W_L_3+
,2026-05-29T11:13:00,2026-05-29T11:20:00,2026-05-29,Short,CR3_WU|c2|r63.3|a19.1|m3.38|d0.86|Bb,WS_Exit,30422.25,30382.25,,40,true,TP_40,39.69,17.31,2,63.3,false,false,19.1,true,3.38,0.86,BULL,below,W_U_2
,2026-05-29T11:44:00,2026-05-29T11:46:00,2026-05-29,Long,CR3_WL|c5|r42.7|a18.7|m2.29|d-0.63|BA,WL_Exit,30377.75,30357.5,,-20.25,false,SL_20,7.94,20.56,5,42.7,false,false,18.7,true,2.29,-0.63,BULL,above,W_L_3+
,2026-05-29T12:01:00,2026-05-29T12:06:00,2026-05-29,Short,CR3_WU|c3|r55.3|a18.4|m-1.05|d-0.03|Bb,WS_Exit,30391.25,30411.5,,-20.25,false,SL_20,0.69,20.56,3,55.3,false,false,18.4,true,-1.05,-0.03,BULL,below,W_U_3+
,2026-05-29T12:25:00,2026-05-29T12:31:00,2026-05-29,Long,CR3_WL|c3|r45.6|a18.4|m-1.05|d-0.67|BA,WL_Exit,30409,30388.75,,-20.25,false,SL_20,7.19,20.56,3,45.6,false,false,18.4,true,-1.05,-0.67,BULL,above,W_L_3+
,2026-05-29T12:37:00,2026-05-29T12:52:00,2026-05-29,Short,CR3_WU|c2|r59.8|a18.5|m-0.79|d0.5|Bb,WS_Exit,30432.5,30392.5,,40,true,TP_40,39.69,15.31,2,59.8,false,false,18.5,true,-0.79,0.5,BULL,below,W_U_2
,2026-05-29T13:20:00,2026-05-29T13:23:00,2026-05-29,Long,CR3_WL|c3|r39.4|a18.6|m-1.24|d-0.18|BA,WL_Exit,30378,30357.75,,-20.25,false,SL_20,0,21.56,3,39.4,false,false,18.6,true,-1.24,-0.18,BULL,above,W_L_3+
,2026-05-29T13:32:00,2026-05-29T13:50:00,2026-05-29,Long,CR3_WL|c2|r36.4|a18.2|m-3.73|d-0.11|Ba,WL_Exit,30356.75,30336.5,,-20.25,false,SL_20,19.69,20.56,2,36.4,false,false,18.2,true,-3.73,-0.11,BULL,above,W_L_2
,2026-05-29T14:00:00,2026-05-29T14:01:00,2026-05-29,Long,CR3_WL|c2|r25.4|a17.2|m-9.51|d-1.07|BaO,ADX_Block,30304.5,30302.5,,-2,false,ADX_Block,9.19,3.06,2,25.4,true,false,17.2,false,-9.51,-1.07,BULL,above,W_L_OS
,2026-05-29T14:27:00,2026-05-29T14:28:00,2026-05-29,Short,CR3_WU|c1|r66.5|a17.2|m-9.51|d1.27|Bb,ADX_Block,30376.25,30382,,-5.75,false,ADX_Block,1.69,10.81,1,66.5,false,false,17.2,false,-9.51,1.27,BULL,below,W_U_1
,2026-05-29T14:48:00,2026-05-29T14:49:00,2026-05-29,Long,CR3_WL|c1|r38.4|a16.1|m-8|d-1.25|Ba,ADX_Block,30346.5,30347.25,,0.75,true,ADX_Block,3.69,3.81,1,38.4,false,false,16.1,false,-8,-1.25,BULL,above,W_L_1
,2026-05-29T15:07:00,2026-05-29T15:08:00,2026-05-29,Short,CR3_WU|c2|r58.1|a15.2|m-10.4|d1.03|BB,ADX_Block,30363.5,30366.75,,-3.25,false,ADX_Block,0.94,5.81,2,58.1,false,false,15.2,false,-10.4,1.03,BULL,below,W_U_2
,2026-05-29T15:24:00,2026-05-29T15:25:00,2026-05-29,Short,CR3_WU|c3|r57.7|a15.2|m-10.4|d-0.21|BB,ADX_Block,30367.5,30364.25,,3.25,true,ADX_Block,4.94,1.56,3,57.7,false,false,15.2,false,-10.4,-0.21,BULL,below,W_U_3+
,2026-05-29T15:37:00,2026-05-29T15:38:00,2026-05-29,Short,CR3_WU|c2|r80.7|a14.2|m-7.92|d1.47|BbO,ADX_Block,30423.25,30431.25,,-8,false,ADX_Block,2.44,8.31,2,80.7,false,true,14.2,false,-7.92,1.47,BULL,below,W_U_OB
,2026-05-29T15:54:00,2026-05-29T15:55:00,2026-05-29,Long,CR3_WL|c2|r47.9|a14.2|m-7.92|d-1.6|BA,ADX_Block,30409.25,30413.5,,4.25,true,ADX_Block,15.94,7.56,2,47.9,false,false,14.2,false,-7.92,-1.6,BULL,above,W_L_2
,2026-05-29T16:15:00,2026-05-29T16:16:00,2026-05-29,Long,CR3_WL|c2|r40.5|a14.5|m-5.18|d-0.4|BA,ADX_Block,30390.25,30392.75,,2.5,true,ADX_Block,3.44,4.56,2,40.5,false,false,14.5,false,-5.18,-0.4,BULL,above,W_L_2
,2026-05-29T16:36:00,2026-05-29T16:37:00,2026-05-29,Short,CR3_WU|c1|r48.2|a14.7|m-4.09|d0.32|Bb,ADX_Block,30388.75,30387,,1.75,true,ADX_Block,2.44,1.56,1,48.2,false,false,14.7,false,-4.09,0.32,BULL,below,W_U_1
,2026-05-29T16:42:00,2026-05-29T16:43:00,2026-05-29,Long,CR3_WL|c2|r40|a14.7|m-4.09|d-0.26|BA,ADX_Block,30380.75,30379.75,,-1,false,ADX_Block,0,4.81,2,40,false,false,14.7,false,-4.09,-0.26,BULL,above,W_L_2
,2026-05-29T16:52:00,2026-05-29T16:53:00,2026-05-29,Short,CR3_WU|c1|r54.6|a14.7|m-4.09|d0.96|Bb,ADX_Block,30391,30390.25,,0.75,true,ADX_Block,1.44,2.06,1,54.6,false,false,14.7,false,-4.09,0.96,BULL,below,W_U_1